row_id,candidate_id,type,title,venue,year,authors,doi,url,issn,link
1,01_MUHAMMAD_SALMAN,journal,"A Hybrid Framework Integrating Deterministic Clustering, Neural Networks, and Energy-Aware Routing for Enhanced Efficiency and Longevity in Wireless Sensor Network",International Journal,2025.0,"Muhammad Salman Qamar, Qamar Muhammad Fahad Munir",,,,
2,01_MUHAMMAD_SALMAN,journal,AI for Cleaner Air: Predictive Modeling of PM2.5 Using Deep Learning and Traditional Time-Series Approaches,International Journal,2025.0,"Muhammad Salman Qamar, Muhammad Fahad Munir, Athar Waseem",,,,
3,01_MUHAMMAD_SALMAN,journal,Improvement of Traveling Salesman Problem Solution using Hybrid Algorithm based on Best-Worst Ant System and Particle Swarm Optimization,International Journal,2021.0,"Muhammad Salman Qamar, Shanshan Tu, Farman Ali, Ammar Armghan, Muhammad Fahad Munir, Fayadh Alenezi, Fazal Muhammad, Asar Ali, Norah Alnaim",,,,
4,01_MUHAMMAD_SALMAN,conference,Enhancing Energy Efficiency in WSNs with Hybrid LEACH-D and ANN,international Conference,2024.0,"Muhammad Salman Qamar, Ihsan ul Haq, Muhammad Fahad Munir, Mardeni Bin Roslee, Adnan Anwar Awan, Athar Waseem",,,,
5,01_MUHAMMAD_SALMAN,journal,A Novel Approach to Energy Optimization: Efficient Path Selection in Wireless Sensor Networks with Hybrid ANN,International Journal,2024.0,"Muhammad Salman Qamar, Ihsan ul Haq, Amil Daraz, Atif M. Alamri, Salman A. AlQahtani",,,,
6,03_NASIR_ALI_SHAH,journal,Lightweight aes design for iot applications: Optimizations in fpga and asic with dfa countermeasure strategies,IEEE Access,2025.0,"Salman Ahmed, Nabihah Ahmad, Nasir Ali Shah, Ghulam E Mustafa Abro, Ardhi Wijayanto, Abdinasir Hirsi, Abdul Rehman Altaf",,,,
7,03_NASIR_ALI_SHAH,journal,Analysis of machine learning based imputation of missing data,Cybernetics and Systems,2023.0,"Syed Tahir Hussain Rizvi, Muhammad Yasir Latif, Muhammad Saad Amin, Achraf Jabeur Telmoudi, Nasir Ali Shah",,,,
8,03_NASIR_ALI_SHAH,journal,Cuda-optimized gpu acceleration of 3gpp 3d channel model simulations for 5g network planning,Electronics,2023.0,"Nasir Ali Shah, Mihai T Lazarescu, Roberto Quasso, Luciano Lavagno",,,,
9,03_NASIR_ALI_SHAH,journal,FPGA acceleration of 3GPP channel model emulator for 5G new radio,IEEE Access,2022.0,"Nasir Ali Shah, Mihai T Lazarescu, Roberto Quasso, Salvatore Scarpina, Luciano Lavagno",,,,
10,04_MUHAMMAD_FARRUKH,journal,Machine Learning and Multivariate Analysis of Depression Prevalence and Predictors in Acute Coronary Syndrome,IEEE Access,2025.0,Etizaz Ahsan Shah; Syeda Javeria Ahsan; Muhammad Farrukh Qureshi; Sohail Khalid; Rahmat Ullah; Mujeeb Ur Rehman,,,,
11,04_MUHAMMAD_FARRUKH,journal,Automated lumpy skin grading in bovine images using novel deep convolutional neural networks,Multimedia Tools and Applications,2025.0,Abdul Malik Muhammad; Muhammad Zia ur Rehman; Zohaib Mushtaq; Muhammad Farrukh Qureshi,,,,
12,04_MUHAMMAD_FARRUKH,journal,Lighthybridnet-Transformer-Ffia: A Hybrid Transformer Based Deep Learning Model for Enhanced Fish Feeding Intensity Classification,Aquacultural Engineering,2025.0,Usama Iqbal; Daoliang Li; Muhammad Farrukh Qureshi; Zohaib Mushtaq,,,,
13,04_MUHAMMAD_FARRUKH,journal,EEG electrode setup optimization using feature extraction techniques for neonatal sleep state classification,Frontiers in Computational Neuroscience,2025.0,Hafza Ayesha Siddiqa; Muhammad Farrukh Qureshi; Arsalan Khurshid; Yan Xu; Laishuan Wang; Saadullah Farooq Abbasi; Chen Chen; Wei Chen,,,,
14,04_MUHAMMAD_FARRUKH,journal,Augmenting aquaculture efficiency through involutional neural networks and self-attention for oplegnathus punctatus feeding intensity classification from log mel spectrograms,MDPI Animal,2024.0,Usama Iqbal; Daoliang Li; Zhuangzhuang Du; Muhammad Akhter; Zohaib Mushtaq; Muhammad Farrukh Qureshi; Hafiz Abbad Ur Rehman,,,,
15,04_MUHAMMAD_FARRUKH,conference,Design and development of a soft robotic gripper for precision control for biomedical applications,International Conference on En,2024.0,Mohammad Qasim Shahid; Faisal Amin; Ahmad Abdullah Haris; Hussain Al Faisal; Ali Imran; Muhammad Farrukh Qureshi,,,,
16,04_MUHAMMAD_FARRUKH,conference,Real-time weed segmentation in tobacco crops utilizing deep learning on a jetson nano,International Conference on En,2024.0,Muhammad Farrukh Qureshi; Faisal Amin; Zohaib Mushtaq; Muhammad Ali; Ahmad Abdullah Haris; Aira Younas Rana,,,,
17,04_MUHAMMAD_FARRUKH,journal,Improving Thyroid Disorder Diagnosis via Ensemble Stacking and Bidirectional Feature Selection,"Computers, Materials & Continua",2024.0,Muhammad Armghan Latif; Zohaib Mushtaq; Saad Arif; Sara Rehman; Muhammad Farrukh Qureshi; Nagwan Abdel Samee; Maali Alabdulhafith; Mohammed A Al-masni,,,,
18,04_MUHAMMAD_FARRUKH,journal,EMG gesture signal analysis towards diagnosis of upper limb using dual-pathway convolutional neural network,AIMS Mathematical Biosciences and Engineering,2024.0,Hafiz Ghulam Murtza Qamar; Muhammad Farrukh Qureshi; Zohaib Mushtaq; Zubariah; Muhammad Zia ur Rehman; Nagwan Abdel Samee; Noha F Mahmoud; Yeong Hyeon Gu; Mohammed A Al-Masni,,,,
19,04_MUHAMMAD_FARRUKH,journal,Discrete Wavelet Transform for Laser Diode Self-Mixing Interferometry Processing for Vibrations Measurement,2nd International Conference o,2023.0,Muhammad Farrukh Qureshi; Zohaib Mushtaq; Muhamamd Zia Ur Rehman; Faisal Amin,,,,
20,04_MUHAMMAD_FARRUKH,conference,Deep learning-based classification of wheat leaf diseases for edge devices,2nd International Conference o,2023.0,Aqeel Ahmed Khan; Sabtain Raza; Muhammad Farrukh Qureshi; Zohaib Mushtaq; Muhammad Taha; Faisal Amin,,,,
21,04_MUHAMMAD_FARRUKH,journal,Efficient energy management for household: Optimization-based integration of distributed energy resources in smart grid,IEEE Access,2023.0,Qamar Akhter; Abubakar Siddique; Salman A Alqahtani; Anzar Mahmood; Mehboob Alam; Zohaib Mushtaq; Muhammad Farrukh Qureshi; Waseem Aslam; Paranav Kumar Pathak,,,,
22,04_MUHAMMAD_FARRUKH,journal,Automated uterine fibroids detection in ultrasound images using deep convolutional neural networks,Healthcare,2023.0,Ahsan Shahzad; Abid Mushtaq; Abdul Quddoos Sabeeh; Yazeed Yasin Ghadi; Zohaib Mushtaq; Saad Arif; Muhammad Zia Ur Rehman; Muhammad Farrukh Qureshi; Faisal Jamil,,,,
23,04_MUHAMMAD_FARRUKH,journal,Enhancing ductal carcinoma classification using transfer learning with 3D U-net models in breast cancer imaging,Applied Sciences,2023.0,Saman Khalil; Uroosa Nawaz; Zubariah; Zohaib Mushtaq; Saad Arif; Muhammad Zia ur Rehman; Muhammad Farrukh Qureshi; Abdul Malik; Adham Aleid; Khalid Alhussaini,,,,
24,04_MUHAMMAD_FARRUKH,journal,E2CNN: An efficient concatenated CNN for classification of surface EMG extracted from upper limb using CNN for human-computer interaction,IEEE Sensors Journal,2023.0,Muhammad Farrukh Qureshi; Zohaib Mushtaq; Muhammad Zia Ur Rehman; Ernest Nlandu Kamavuako,,,,
25,04_MUHAMMAD_FARRUKH,journal,Effective kernel-principal component analysis based approach for wisconsin breast cancer diagnosis,Electronics Letters,2023.0,Zohaib Mushtaq; Muhammad Farrukh Qureshi; Muhammad Jamshed Abbass; Sadeq Mohammed Qaid Al-Fakih,,,,
26,04_MUHAMMAD_FARRUKH,journal,Efficient thyroid disorder identification with weighted voting ensemble of super learners by using adaptive synthetic sampling technique,AIMS Mathematics,2023.0,Noor Afshan; Zohaib Mushtaq; Faten S Alamri; Muhammad Farrukh Qureshi; Nabeel Ahmed Khan; Imran Siddique,,,,
27,04_MUHAMMAD_FARRUKH,conference,Leveraging training strategies of artificial neural network for classification of multiday electromyography signals,International Conference on Em,2022.0,Muhammad Akmal; Sohail Khalid; Mehwish Moiz; Muhammad Jamshed Abbass; Muhammad Farrukh Qureshi; Zohaib Mushtaq,,,,
28,04_MUHAMMAD_FARRUKH,conference,Estimation of Real-Time Wheeled Mobile Robot (Differential Drive) Motion & Pose with Obstacle Avoidance,19th International Bhurban Con,2022.0,Zohaib Mushtaq; Muhammad Farrukh Qureshi; Adil Zohaib; Muhammad Akmal,,,,
29,04_MUHAMMAD_FARRUKH,journal,Spectral image-based multiday surface electromyography classification of hand motions using CNN for human-computer interaction,IEEE Sensors Journal,2022.0,Muhammad Farrukh Qureshi; Zohaib Mushtaq; Muhammad Zia Ur Rehman; Ernest Nlandu Kamavuako,,,,
30,04_MUHAMMAD_FARRUKH,conference,SVM-based real-time classification of prosthetic fingers using myo armband-acquired electromyography data,IEEE 21st international confer,2021.0,Akmal; Muhammad Farrukh Qureshi; Faisal Amin; Muhammad Zia Ur Rehman; Imran Niazi,,,,
31,04_MUHAMMAD_FARRUKH,conference,Spectral processing of self-mixing interferometric signal phase for improved vibration sensing under weak-and moderate-feedback regime,IEEE Sensors Journal,2019.0,Zabit; Usman; Bernal; Olivier D; Amin; Saqib; Muhammad Farrukh Qureshi; Khawaja; Arsalan Habib; Bosch; Thierry,,,,
32,04_MUHAMMAD_FARRUKH,conference,Android based Internet accessible infant incubator,8th International Conference o,2019.0,Inam; Shehla; Muhammad Farrukh Qureshi; Faisal Amin; Akmal; Muhammad; Rehman; Muhammad Ziaur,,,,
33,05_MUHAMMAD_MAJID,journal,Reconfigurable Intelligent Surfaces Assisted NLOS Radar Anti Jamming Using Deep Reinforcement Learning,JOURNAL,2024.0,"MUHAMMAD MAJID AZIZ, A Habib, A Zafar",,,,
34,05_MUHAMMAD_MAJID,journal,Anti-jamming radar waveform design for repeater jammer using reinforcement learning,JOURNAL,2024.0,"MUHAMMAD MAJID AZIZ, A Habib, ARM Maud, A Zafar, SA Irtaza",,,,
35,05_MUHAMMAD_MAJID,conference,Reinforcement learning based techniques for radar anti-jamming,,2021.0,"muhammad majid aziz, ARM Maud, A Habib",,,,
36,07_FIZA_MURTAZA,journal,Multiple Batches of Motion History Images (MB-MHIs) for Multi-view Human Action Recognition,Arabian Journal for Science and Engineering,2020.0,"Hajra Binte Naeem, Fiza Murtaza, Muhammad Haroon Yousaf, Sergio A. Velastin",,,,
37,07_FIZA_MURTAZA,journal,TAB: Temporally aggregated bag-of-words for temporal action proposals,Computer Vision and Image Understanding,2019.0,"Fiza Murtaza, Muhammad Haroon Yousaf, Sergio A. Velastin",,,,
38,07_FIZA_MURTAZA,journal,End-to-End Temporal Action Detection Using Bag of Discriminant Snippets,IEEE Signal Processing Letters,2018.0,"Fiza Murtaza, Muhammad Haroon Yousaf, Sergio A. Velastin, Yu Qian",,,,
39,07_FIZA_MURTAZA,journal,Visual analysis of asphalt pavement for detection and localization of potholes,Advanced Engineering Informatics,2018.0,"Muhammad Haroon Yousaf, Kanza Azhar, Fiza Murtaza, Fawad Hussain",,,,
40,07_FIZA_MURTAZA,journal,Vectors of Temporally Correlated Snippets for Temporal Action Detection,Computers and Electrical Engineering,2020.0,"Fiza Murtaza, Muhammad Haroon Yousaf, Sergio A. Velastin, Yu Qian",,,,
41,07_FIZA_MURTAZA,journal,PASSENGER DETECTION AND COUNTING FOR PUBLIC TRANSPORT SYSTEM,NED University Journal of Research,2020.0,"Saddam Hussain Khan, Fiza Murtaza, Muhammad Haroon Yousaf, Sergio A. Velastin",,,,
42,07_FIZA_MURTAZA,journal,PMHI: proposals from motion history images for temporal segmentation of long uncut videos,IEEE Signal Processing Letters,2017.0,"Fiza Murtaza, Muhammad Haroon Yousaf, Sergio A. Velastin",,,,
43,07_FIZA_MURTAZA,conference,Multi-view human action recognition using 2D motion templates based on MHIs and their HOG description,IET Computer Vision,2016.0,"Fiza Murtaza, Muhammad Haroon Yousaf, Sergio A. Velastin",,,,
44,07_FIZA_MURTAZA,conference,Plant Species Identification using Discriminant Bag of Words (DBoW),15th International Conference on Co,2020.0,"Fiza Murtaza, Umber Saba, Muhammad Haroon Yousaf, Serestina Viriri",,,,
45,07_FIZA_MURTAZA,conference,DA-VLAD: Discriminative Action Vector of Locally Aggregated Descriptors for Action Recognition,25th IEEE International Conference,2018.0,"Fiza Murtaza, Muhammad Haroon Yousaf, Sergio A. Velastin",,,,
46,07_FIZA_MURTAZA,conference,Computer vision based detection and localization of potholes in asphalt pavement images,2016 IEEE Canadian Conference on Electrical and Computer Engineering,2016.0,"Fiza Murtaza, Kanza Azhar, Muhammad Haroon Yousaf, Hafiz Adnan Habib",,,,
47,07_FIZA_MURTAZA,conference,Multi-view human action recognition using histograms of oriented gradients (HOG) description of motion history images (MHIs),13th IEEE International Conference,2015.0,"Fiza Murtaza, Muhammad Haroon Yousaf, Sergio A. Velastin",,,,
48,08_TAYYABA_GULL,journal,Spectral Restoration based speech enhancement for robust speaker identification,Journals,2017.0,"Tayyaba Gul Tareen, N Saleem",,,,
49,08_TAYYABA_GULL,journal,Shunt-Active-Power-Filter-A-Review,journal,2024.0,"Tayyaba Gul Tareen, Wajahat Ullah Khan Tareen, Muhammad Aamir, Jehanzeb Khan and Naveed Jan",,,,
50,08_TAYYABA_GULL,journal,Free-Space Optical channel turbulence analysis based on lognormal distribution and stochastic differential equation,journal,2018.0,"Tayyaba Gul Tareen, Shahryar Shafique, Mehr-e-Munir",,,,
51,08_TAYYABA_GULL,journal,Measuring the Performance of Handover Mechanisms in UMTS for Diverse Traffic Services Classes to Improve QoS,journal,2011.0,"Tayyaba Tareen, Sher Ali, Nasir Saleem",,,,
52,08_TAYYABA_GULL,journal,Design of a Multi-Mode Power Management System for Electric Vehicles with Grid Integration,journal,2024.0,"Tayyaba Gul Tareen, Muhammad Aamir, Jehanzeb Khan, Ghassan Husnain, Fakhar Anjam",,,1673-064X,
53,09_MUHAMMAD_ABUBAKAR,journal,Machine Learning-Based Suicide Risk Assessment and Intervention Strategies for Depression,UMT AIR,2024.0,"Muhammad Yousif, Muhammad Abubakar, Farman Ali, Shoaib U",,,,
54,09_MUHAMMAD_ABUBAKAR,journal,Securing Financial Transactions: Leveraging Random Forest for Credit Card Fraud Detection and Info,UCP Journal of Engineering,2025.0,"Muhammad Abubakar, Arfan Ali Nagra, Khola Farooq, Muhammad Yousif, Muhammad Haseeb Zia",,,,
55,09_MUHAMMAD_ABUBAKAR,journal,"IIOT: An Infusion of Embedded Systems, TinyML, and Federated Learning in Industrial IoT",Journal of Computing & Biomedical I,2025.0,Muhammad Abubakar,,,,
56,09_MUHAMMAD_ABUBAKAR,journal,Ethical Considerations in Utilizing Machine Learning for Depression and Anxiety Detection in College Students,Journal of Computing & Biomedical I,2025.0,"Shoaib Saleem, Muhammad Abubakar, Faiza Rehman, Saima Yousaf",,,,
57,09_MUHAMMAD_ABUBAKAR,journal,Pakistan's Political Sentiments Analysis based on Twitter Using Machine Learning,Journal of Computing & Biomedical I,2024.0,"Muhammad Abubakar, Arfan Ali Nagra, Syeda Urwa Warsi, Saba Mohsin, Hadi Abdullah",,,,
58,09_MUHAMMAD_ABUBAKAR,journal,A Hybrid Approach for Analysis of Urdu Tweets Authorship Empowered by Genetic Algorithm and K-Nearest Neighbors,Journal of Computing & Biomedical I,2023.0,"Zain Ali, Arfan Ali Nagra, Muhammad Abubakar, Muhammad Khalid Mudassar, Masood",,,,
59,09_MUHAMMAD_ABUBAKAR,journal,Optimizing Power Quality Disturbance Classification With Higher Order Statistics: Social And Economic Impacts,Kurdish Studies,2024.0,"Muhammad Abubakar, Arfan Ali Nagra, Junaid Waseem, Zain Ali, Amber Sultan, Hanan Sharif, Ali Haider Khan",,,,
60,09_MUHAMMAD_ABUBAKAR,journal,A gene selection algorithm for microarray cancer classification using an improved particle swarm optimization,Scientific Reports,2024.0,"Muhammad Abubakar, Arfan Ali Nagra, Ali Haider Khan, Muhammad Faheem, Adil Rasool, Khalid Masood, Muzammil Hussain",,,,
61,09_MUHAMMAD_ABUBAKAR,journal,High-Precision Identification of Power Quality Disturbances Based on Discrete Orthogonal S-Transforms and Compressed Neural Network Methods,IEEE Access,2023.0,"Muhammad Arfan Ali Nagra, Muhammad Abubakar, Muhammad Faheem, Muhammad Mudassar, Muhammad Sohail",,,,
62,09_MUHAMMAD_ABUBAKAR,journal,Legendre based neural networks integrated with heuristic algorithms for the analysis of Lorenz chaotic model: an intelligent and comparative study,Scientific Reports,2025.0,"Khalid Masood, Muhammad Naeem Aslam, Mohammed A. Muhammad Arshad, Alghamdi, Sultan H. Almotiri, Muhammad Abubakar",,,,
63,09_MUHAMMAD_ABUBAKAR,journal,ECGNet: High-Precision ECG Classification Using Deep Learning and Advanced Activation Functions,IEEE Access,2025.0,"Muhammad Ahsan Raza, Arfan Ali Nagra, Muhammad Abubakar, Anas Bilal, Ahmad Alshammari, Monir Abdullah",,,,
64,09_MUHAMMAD_ABUBAKAR,journal,Design of a novel noise resilient algorithm for fault detection in wind turbines on supervisory control and data acquisition system,Scientific Reports,2025.0,"Muhammad Irfan, Tomasz Jakubowski, Paweł Sokołowski, Nabeel Ahmed, Grzegorz Nawalany, Saifur Rahman Khan, Muhammad Abubakar, Zohaib Mushtaq",,,,
65,09_MUHAMMAD_ABUBAKAR,journal,A Hybrid RSM-ANN-GA Approach on Optimization of Ultrasound-Assisted Extraction Conditions for Bioactive Component-Rich Stevia rebaudiana (Bertoni) Leaves,Foods,2022.0,"Ameer, Kashif, Saqib Ameer, Young-Min Kim, Muhammad Nadeem, Mi-Kyung Park, Muhammad Abubakar, Muhammad Asif Khan",,,,
66,09_MUHAMMAD_ABUBAKAR,journal,Soft Sensor Model Based on IBA-LSSVM for Photosynthetic Bacteria Fermentation Process,Int J Bioautomation,2021.0,"Khalil Ur Rehman, Xiang Lin Zhu, Bo Wang, Muhammad Shahzad, Hussain, Muhammad Abubakar, Muhammad Ajmal",,,,
67,09_MUHAMMAD_ABUBAKAR,journal,Modelling and Analysis of a very Low Head Kaplan Turbine Runner Blades for Rural Area of Punjab,International Journal of Scientific,2014.0,"Muhammad Saeed, Talal Ahmad, Noor Rehman, Muhammad Abubakar",,,,
68,09_MUHAMMAD_ABUBAKAR,journal,Classification of Power Quality Disturbance Based on Multiscale Singular Spectral Analysis and Multi Resolution Wavelet Transforms,International Journal of Recent Tec,2019.0,"Muhammad Abubakar, Muhammad Shahzad, Benjamin Doh, Benjamin Kwame Adobah",,,,
69,09_MUHAMMAD_ABUBAKAR,journal,Identification of Multiple Power Quality Disturbances Problems in Wind-Grid Integration System,International Journal of Renewable,2019.0,"Muhammad Yue Shen, Hui Liu, Fida Hussain, Muhammad Abubakar",,,,
70,09_MUHAMMAD_ABUBAKAR,journal,Hybrid self-inertia weight adaptive particle swarm optimization with local search using C4. 5 decision tree classifier for feature selection problems,Connection Science,2019.0,"Nagra AA, Han F, Nagra AA, Han F, Ling QH, Abubakar M, Ahmad F, Mehta S, Apasiba AT",,,,
71,09_MUHAMMAD_ABUBAKAR,journal,Signal Processing and Deep Learning Techniques for Power Quality Events Monitoring and Classification,Electric Power Components and Systems,2019.0,"Liu Hui, Fida Hussain, Yue Shen, Ruben Morales-Menendez, Muhammad Abubakar, Sheikh Junaid Yawar, Haris Jawad Arain",,,,
72,09_MUHAMMAD_ABUBAKAR,journal,Soft-sensor modeling for L-lysine fermentation process based on hybrid ICS-MLSSVM,Scientific Reports,2020.0,"Bo Wang, Muhammad Shahzad, Xianglin Zhu, Khalil ur Rehman, Muhammad Ashfaq, Muhammad Abubakar",,,,
73,09_MUHAMMAD_ABUBAKAR,journal,Complex power quality disturbances classification via curvelet transform and deep learning,Electric Power Systems and Research,2018.0,"Liu Hui, Fida Hussain, Yue Shen, Sheeraz Arif, Aamir Nazir, Muhammad Abubakar",,,,
74,09_MUHAMMAD_ABUBAKAR,journal,Power Quality Disturbance Monitoring and Classification Based on Improved PCA and Convolution Neural Network for Wind-Grid Distribution Systems,Energies,2019.0,"Shen Yue, Hui Liu, Fida Hussain, Muhammad Abubakar",,,,
75,10_MUHAMMAD_EHATISHAM,,,,,,,,,
76,11_WAQAS_AMIN,journal,A Novel Method of Transformer Overloading on Detection by Instrumentatio Magnetic Flux Leakage Measurements,IEEE Transactions,2025.0,"Waqas Amin, Arsalan Habib, Khawaja Wajiha, Ateeq, Dongsheng Cai, Qi Huang",,,,
77,11_WAQAS_AMIN,journal,Optimization of social welfare and mitigating privacy risks in P2P energy trading: Di(cid:0)erential privacy for secure data reporting,Applied Energy,2025.0,"Waqas Amin, Syed Adrees Ahmed, Qi Huang, Muhammad Afzal, Fazal Hussain, Muhammad Husnain Haider, Qi Huang",,,,
78,11_WAQAS_AMIN,journal,3DFFL: privacy-preserving Federated Few-Shot Learning for 3D point clouds in autonomous vehicles,Scientific Reports,2024.0,"Waqas Amin, Abdullah Aman Khan, Khwaja Mutahir Ahmad, Sidra Sha(cid:0)q, Rajesh Kumar",,,,
79,11_WAQAS_AMIN,journal,A fair and effective approach to managing distributed energy resources through peer-to-peer energy trading with load prioritization among smart homes,Energy Reports,2024.0,"Waqas Amin, Syed Adrees Ahmed, Qi Huang, Muhammad Afzal, Fazal Hussain, Muhammad Husnain Haider, Qi Huang",,,,
80,11_WAQAS_AMIN,journal,"Smart Grid Systems: Addressing Privacy Threats, Security Vulnerabilities, and Demand-Supply Balance (A review)",Energies,2025.0,"Waqas Amin, Iqra Nazir, Nermish Mushtaq",,,,
81,11_WAQAS_AMIN,journal,"Enhancing Smart Grid Security and Efficiency: AI, Energy Routing, and T&D Innovations (A Review)",Energies,2025.0,"Waqas Amin, Hassam Ishfaq, Mubarak Abdussalam, Sania Kanwal, Sadeed Ahmad",,,,
82,11_WAQAS_AMIN,journal,Attention-Enhanced Bidirectional LSTM for Accurate False Data Injection Attack Detection in Smart Grid,Transactions on Emerging Telecommunications Technologies,2025.0,"Waqas Amin, Hassam Ishfaq, Xuyang Shi",,,,
83,11_WAQAS_AMIN,journal,Energy Efficiency Optimization in Vehicle Telecommunication Network Using Hybrid-Genetic Algorithm,Transactions on Emerging Telecommunications Technologies,2025.0,"Waqas Amin, Mubarak Abdussalam, Xuyanh Shi",,,,
84,11_WAQAS_AMIN,journal,Enhanced Cybersecurity for Smart Grids: Detecting Protocol-Specific DDoS Attacks on Modbus Networks,Computers and Electrical Engineering,2025.0,"Waqas Amin, Abdullah Aman Khan, Bilal Ra(cid:0)que, Qi Huang, Li Jian, Iqra Batool",,,,
85,11_WAQAS_AMIN,journal,Blockchain Enabled Reserved Pricing and Privacy on Consumer Preserving Model for Elect Peer-to-Peer Energy Trading In Smart Grid,IEEE Transactions,2025.0,"Waqas Amin, Renato R., Xuyang Shi and Muhammad Asim Saleem",,,,
86,11_WAQAS_AMIN,journal,FPGA-Driven Secure Energy Routing and Attack Detection in Decentralized Elect Microgrids With SREMBased Dynamic Path Optimization,IEEE Transactions,2025.0,"Waqas Amin, Xuyang Shi, Sarathbabu, Muhammad Asim Saleem and Raju, Kola Narasimha",,,,
87,11_WAQAS_AMIN,journal,Vehicle-to-Everything (V2X) Traffic and Transportation Technology and Its Pilot Projects: A Review,Journal of Transportation Technology,2025.0,"Waqas Amin, Qi Huang, Jian Li, Abdullah Aman Khan, Asim Saleem",,,,
88,11_WAQAS_AMIN,journal,Reputation-Based Uniform Pricing & Energy Distribution in Peer-to-Peer Energy Trading Market,Ain Shams Engineering Journal,2025.0,"Waqas Amin, Qi Huang, Jian Li, Abdullah Aman Khan, Umashankar Subramaniam, Sivakumar Selvam",,,,
89,11_WAQAS_AMIN,journal,A secure energy management model for Peer-to-Peer smart grids with user-centric constraints,Internet of Things,2025.0,"Waqas Amin, Qi Huang, Jian Li, Abdullah Aman Khan, Umashankar Subramaniam, Sivakumar Selvam",,,,
90,11_WAQAS_AMIN,journal,Role of blockchain technology in transactive energy market: A review,Sustainable Energy Technologies,2022.0,"Muhammad Afzal, Li jian, Waqas Amin, Qi Huang, Khalid Umer, Syed Adrees Ahmad, Fayyaz Ahmad, Asif Raza",,,,
91,11_WAQAS_AMIN,journal,An Effective Pricing Mechanism for Electricity Trading Considering Customer Preference and Reserved Price in Direct P2P Electricity Market Under Uncertainty in Grid Supply,International Journal,2022.0,"Waqas Amin, FAYYAZ AHMAD, KHALID UMER, ARSALAN HABIB KHAWAJA, MUHAMMAD AFZAL, SYED ADREES AHMED, SURACHAI CHAITUSANEY",,,,
92,11_WAQAS_AMIN,journal,P2P Energy Trading: An Optimal Solution for Energy Shortage in Pakistan,International Journal,2022.0,"Waqas Amin, FAYYAZ AHMAD, KHALID UMER, ARSALAN HABIB KHAWAJA, MUHAMMAD AFZAL, SYED ADREES AHMED, SURACHAI CHAITUSANEY",,,,
93,11_WAQAS_AMIN,journal,Cost-effective Energy Management System in Prosumer based Electricity Market,Intl Conference,2020.0,"Waqas Amin, S. A. Ahmed, Q. Huang, and M. Afzal",,,,
94,11_WAQAS_AMIN,journal,Blockchain based domestic appliances scheduling in community microgrids,Intl Conference,2019.0,"Waqas Amin, M Afzal, Q. Huang, K. Umer, A. Raza and M. Naeem",,,,
95,11_WAQAS_AMIN,journal,Blockchain enabled distributed demand side management in community energy system with smart homes,Intl Journal,2020.0,"Waqas Amin, M. Afzal, Q. Huang, K. Umer, A. Raza and M. Naeem",,,,
96,11_WAQAS_AMIN,journal,A novel communication efficient peer-to-peer energy trading scheme for enhanced privacy in microgrids,Intl Journal,2021.0,"Waqas Amin, Khalid Umer, Qi Huang, Mohsen Khorasany, Muhammad Afzal",,,,
97,11_WAQAS_AMIN,journal,A motivational game-theoretic approach for peer-to-peer energy trading in islanded and grid-connected microgrid,Intl Journal,2020.0,"Waqas Amin, QiHuang, M.Afzal, Abdullah AmanKhan, ZhenyuanZhang, KhalidUmer,Syed AdreesAhmed",,,,
98,11_WAQAS_AMIN,journal,Consumers' preference based optimal price determination model for P2P energy trading,Intl Journal,2020.0,"Waqas Amin, QiHuang, M.Afzal, Abdullah AmanKhan, ZhenyuanZhang, KhalidUmer,Syed AdreesAhmed",,,,
99,11_WAQAS_AMIN,journal,A converging non-cooperative & cooperative game theory approach for stabilizing peer-to-peer electricity trading,Intl Journal,2020.0,"Waqas Amin, QiHuang, KhalidUmer,MuhammadAfzal,Abdullah AmanKhan,Syed AdreesAhmad",,,,
100,11_WAQAS_AMIN,journal,A Review of Transactive Energy Systems: Concept and Implementation,Intl Journal,2021.0,"Waqas Amin, QiHuang, KhalidUmer,HoayBengGooi,Foo Yi ShyhEddy,MuhammadAfzal,MahnoorShahzadi,Abdullah AmanKhan,Syed AdreesAhmad",,,,
101,12_SYED_TAMOORULHASSAN,conference,Techno-Economic Analysis of Visible Light Communications,IEEE International Symposium on Wireless Communication,2013.0,"H. Chowdhury, H. Bagheri, M. Ikram, Ashraf, S. Tamoor-ul-Hassan, Marcos Katz",,,,
102,12_SYED_TAMOORULHASSAN,conference,Device-to-device assisted mobile cloud framework for 5G networks,IEEE 14th International Conference,2016.0,"Muhammad Ikram, Ashraf, Syed Tamoor-ul-Hassan, Shahid Mumtaz, Kim Fung Tsang, Jonathan Rodriquez",,,,
103,12_SYED_TAMOORULHASSAN,journal,Latency-Aware Radio Resource Optimization in Learning-Based Cloud-Aided Small Cell Wireless Networks,IEEE Transactions on Green Computing,2023.0,"S. Tamoor-ul-Hassan, S. Samarakoon, M. Bennis, M. Latva-aho",,,,
104,12_SYED_TAMOORULHASSAN,journal,Learning-based Caching in Cloud-Aided Wireless Networks,IEEE Communication Letters,2017.0,"S. Tamoor-ul-Hassan, S. Samarakoon, M. Bennis, M. Latva-aho, C.S. Hong",,,,
105,12_SYED_TAMOORULHASSAN,journal,Caching in Wireless Small Cell Networks: A Storage-Bandwidth Tradeoff,IEEE Communication Letters,2016.0,"S. Tamoor-ul-Hassan, M. Bennis, P. H. J. Nardelli, M. Latva-aho, Syed",,,,
106,12_SYED_TAMOORULHASSAN,conference,Modeling and Analysis of Content Caching in Wireless Small Cell Networks,IEEE International Symposium on Wireless Communication,2015.0,"S. Tamoor-ul-Hassan, M. Bennis, P. H. J. Nardelli, M. Latva-aho",,,,
107,12_SYED_TAMOORULHASSAN,conference,Mobile Cloud based architecture for Device-to-Device Communication Underlying Cellular Network,IEEE IFIP Wireless Days,2013.0,"S. Tamoor-ul-Hassan, M. Ikram Ashraf, Marcos D. Katz",,,,
108,13_MANZOOR_ELLAHI,conference,A scheme for transfer of load between HVDC and HVAC Link,,2022.0,"Waheed Aftab Khan, Hafiz Fuad Usman, Ali Raza, Syed Khurram Abbas, Adnan Yousaf, Manzoor Ellahi",,,,
109,13_MANZOOR_ELLAHI,conference,IoT based health supervision of energy storage system,,2022.0,"Manzoor Ellahi, Muhammad Numan Khan, Muhammad Waqar Hassan, Hafiz Fuad Usman, Ali Raza, Waheed Aftab Khan",,,,
110,13_MANZOOR_ELLAHI,journal,Forecasting of wind speed and power through FFNN and CFNN using HPSOBA and MHPSO-BAACs techniques,Electronics,2022.0,"Manzoor Ellahi, Muhammad Rehan Usman, Waqas Arif, Hafiz Fuad Usman, Waheed A Khan, Gandeva Bayu Satrya, Kamran Daniel, Noman Shabbir",,,,
111,13_MANZOOR_ELLAHI,journal,Optimal Solution of Environmental Economic Dispatch Problems Using QPGPSO-ω,Applied Sciences (MDPI),2023.0,"Umair Ahmad Salaria, Muhammad Ilyas Menhas, Sohaib Manzoor, Faisal Mehmood Butt, Manzoor Ellahi, Nouman Ali, Zhassulan Orazbekov, Heba G Mohamed",,,,
112,13_MANZOOR_ELLAHI,journal,Real-Time Internet-based Technology Applying Machine Learning Algorithm to Identify Airplane,Journal of Innovative Computing and Informatics,2024.0,"Muhammad Ibrar, Saif Ur Rehman, Tahir Zaidi, Rida Javaid, Manzoor Ellahi, Wajih H Hashmi",,,,
113,13_MANZOOR_ELLAHI,conference,An Overview on Switching to Renewable Energy Resources in Pakistan for Sustainable Future: Its Challenges and Policy Recommendations,,2024.0,"Adnan Yousaf, Qaiser Nadeem, Jannat Bakht, Manzoor Ellahi, Shafaqut Ali",,,,
114,13_MANZOOR_ELLAHI,conference,Advancing Wearables: Dual-Band Antenna Design with High Permittivity Miniaturization using Natural Substrate,,2024.0,"Samra Arshad, Saif Ur Rehman, Muhammad Ibrar, Manzoor Ellahi",,,,
115,13_MANZOOR_ELLAHI,journal,Robust steganography technique for enhancing the protection of medical records in healthcare informatics,IEEE Journal of Biomedical and Health Informatics,2025.0,"Hammad Riaz, Rizwan Ali Naqvi, Manzoor Ellahi, Arslan Usman, M Rehan Usman, Daesik Jeong, Seung Won Lee",,,,
116,13_MANZOOR_ELLAHI,conference,Experimental study on lightning discharge attachment to the modern wind turbine blade with lightning protection system,,2017.0,"Waqas Arif, Qingmin Li, Zixin Guo, Manzoor Ellahi, Guozheng Wang, Wah Hoon Siew",,,,
117,13_MANZOOR_ELLAHI,conference,Faults detection and classification of HVDC transmission lines of using discrete wavelet transform,,2018.0,"Umar Saleem, Usman Arshad, Bilal Masood, Talha Gul, Waheed Aftab Khan, Manzoor Ellahi",,,,
118,13_MANZOOR_ELLAHI,conference,Design of interruption process for HVDC system using vacuum circuit breaker based on virtual current zero,,2017.0,"Ali Raza, Waheed Aftab Khan, Manzoor Ellahi, Bilal Masood",,,,
119,13_MANZOOR_ELLAHI,conference,Major Prospects of Wind Energy in Pakistan,,2020.0,"Z Ullah, SM Ali, I Khan, F Wahab, M Ellahi, B Khan",,,,
120,13_MANZOOR_ELLAHI,conference,Design of smart cooling system for power transformer,,2018.0,"Waheed Aftab Khan, Manzoor Ellahi, Bilal Masood, Fuad Usman, Ghulam Abbass",,,,
121,13_MANZOOR_ELLAHI,conference,"Dynamic Modeling, Control and Power Management in a Grid-Integrated PV/SOFC/SC based Hybrid Power System",,2021.0,"H. F. Usman, W.A. Khan, S. Hamid, M. Ellahi, A. Yousaf",,,,
122,13_MANZOOR_ELLAHI,journal,Demand Response & Broadcasting Control Technique for Smart Air Conditioners using NB-PLC,,2018.0,"B. Masood, W. A. Khan, M. Ellahi",,,,
123,13_MANZOOR_ELLAHI,journal,Design and Implementation of TCSC for 500kV Power Transmission System,,2018.0,"A. Raza, H. Farooq, M. Ellahi, W. Ali, S. Kaleem, M. N. Khan",,,,
124,13_MANZOOR_ELLAHI,journal,Online monitoring of Electricity Data through wireless transmission using Radio Frequency,,2013.0,"A. Raza, M. Ellahi, A. Bashir, M. Iqbal",,,,
125,13_MANZOOR_ELLAHI,journal,Field Measurements of NB-PLC for LV Network,,2018.0,"B. Masood, M. Ellahi, W. A. Khan, W. Akram, M. Usman, M. T. Gul",,,,
126,13_MANZOOR_ELLAHI,journal,Optimal Energy Saving for Highway M-2 using Unreliable Grid tied PV-Diesel Hybrid Design System,,2019.0,"M.A. Qaisrani, M. Ellahi, G. Abbas, W. A. Khan, B. Masood",,,,
127,13_MANZOOR_ELLAHI,journal,Power Factor Monitoring and Load Management using Smart Metering Techniques,,2013.0,"Manzoor Ellahi, S. A. Qureshi, M. Iqbal",,,,
128,13_MANZOOR_ELLAHI,journal,Recent Approaches of Forecasting and Optimal Economic Dispatch to Overcome Intermittency of Wind and Photovoltaic (PV) Systems: A Review,,2019.0,"Manzoor Ellahi, G. Abbas, I. Khan, P.M. Koola, M. Nasir, A. Raza, U. Farooq",,,,
129,13_MANZOOR_ELLAHI,journal,A hybrid metaheuristic approach for the solution of renewables-incorporated economic dispatch problems,,2020.0,"Manzoor Ellahi, G. Abbas",,,,
130,13_MANZOOR_ELLAHI,journal,A Modified Hybrid Particle Swarm Optimization with Bat Algorithm Parameter Inspired Acceleration Coefficients for Solving Eco-Friendly and Economic Dispatch Problems,,2021.0,"Manzoor Ellahi, G. Abbas, G. B. Satrya, M. R. Usman, J. Gu",,,,
131,14_SAROSH_TAHIR,conference,Enabling PUF-based Authentication in QKD Networks,International Conference,2025.0,"S. Tahir, S. Civelli, M. Ferrari, L. Potì, E. Paolini, P. Nadimi Goki, M. Brunero, A. Gatto, N. Andriolli, A. Giorgetti",,,,
132,14_SAROSH_TAHIR,conference,A Blocking Probability Study for the Aethereal Network-on-Chip,International Conference,2016.0,"S. Tahir, G. Marchetto, M. Grosso",,,,
133,14_SAROSH_TAHIR,journal,Merit of hybrid EDFA/Raman amplification in fixed-grid all-optical network exploiting multi-rate transponders,International Journal of Communication Systems,2018.0,"S. Tahir, A. Ahmad, A. Bianco, H. Chouman, D. DeTommaso, G. Marchetto, V. Curri",,,,
134,14_SAROSH_TAHIR,journal,Raman Pumping as an Energy Efficient Solution for NyWDM Flexible-grid Elastic Optical Networks,International Journal of Electrical,2017.0,"S. Tahir, A. Ahmad, A. Bianco, V. Curri, G. Marchetto",,,,
135,14_SAROSH_TAHIR,conference,Impact of Fiber Type and Raman Pumping in NyWDM Flexible-grid Elastic Optical Networks,IEEE International Conference on Transparent Optical Networks,2016.0,"S. Tahir, A. Ahmad, A. Bianco, H. Chouman, V. Curri, G. Marchetto",,,,
136,14_SAROSH_TAHIR,conference,Exploiting Transmission Level Potentialities in Logical Topology Design of Flexible-Grid Optical Networks,IEEE International Conference on Communications,2016.0,"S. Tahir, A. Ahmad, A. Bianco, H. Chouman, V. Curri, G. Marchetto",,,,
137,14_SAROSH_TAHIR,conference,Impact of Fiber Types and Raman Pumping in Reconfigurable DWDM Transparent Optical Networks,European Conference and Exhibition,2015.0,"S. Tahir, A. Ahmad, A. Bianco, H. Chouman, V. Curri, D. DeTommaso, G. Marchetto",,,,
138,14_SAROSH_TAHIR,conference,On the Importance of the Detailed Transmission Layer Modelling in Optical Network Design,Italian National Conference on Phot,2015.0,"S. Tahir, A. Ahmad, A. Bianco, H. Chouman, V. Curri, G. Marchetto",,,,
139,14_SAROSH_TAHIR,conference,A Transmission Layer Aware Network Design for Fixed and Flexible Grid Optical Networks,IEEE International Conference on Transparent Optical Networks,2015.0,"S. Tahir, A. Ahmad, A. Bianco, H. Chouman, V. Curri, G. Marchetto",,,,
140,14_SAROSH_TAHIR,conference,Exploring the Effects of Physical Layer Parameters in WDM based Fixed and Flexible-Grid Networks,IEEE-IFIP International Conference,2015.0,"S. Tahir, A. Ahmad, A. Bianco, H. Chouman, V. Curri, G. Marchetto",,,,
141,15_M_USMAN_ABBASI,journal,Multiple contaminant biosignal quality analysis for electrocardiography,Biomedical Signal Processing and Co,2022.0,"M. U. Abbasi, A. Rashad, G. Srivastava, and M. Tariq",,,,
142,15_M_USMAN_ABBASI,journal,Improved and secured electromyography in the Internet of health things,IEEE Journal of Biomedical and Health Informatics,2021.0,"M. U. Abbasi, M. Kamal, and M. Tariq",,,,
143,15_M_USMAN_ABBASI,journal,Detection of epilepsy seizures in neo-natal EEG using LSTM architecture,IEEE Access,2019.0,"M. U. Abbasi, A. Rashad, A. Basalamah, and M. Tariq",,,,
144,16_MUZZAMIL_GHAFFAR,journal,Accuracy Improvement of Non-Intrusive Load Monitoring Using Voting-Based Consensus Clustering,IEEE Access,2023.0,"Muzzamil Ghaffar, Shakil Rehman, Sheikh, Noman, Naseer, Bashir Salah, Soliman Alkhatib",,,,
145,16_MUZZAMIL_GHAFFAR,conference,Reducing the Environmental Impact of School Buildings Through Better Design: A Case Study in Pakistan,European Conference on Sustainability,2018.0,"Muzzamil Ghaffar, Shakil Rehman, Sheikh, Nouman, Ghafoor, Atiq ur Rehman",,,,
146,16_MUZZAMIL_GHAFFAR,journal,Mitigating CO2 emissions of academic buildings in Pakistan using energy conservation techniques,JOURNAL OF ENGINEERING AND APPLIED,2019.0,"Muzzamil Ghaffar, Shakil Rehman, Sheikh, Zafar Ullah, Koreshi, Nouman, Ghafoor, Muhammad, Shahid Khalil",,,,
147,16_MUZZAMIL_GHAFFAR,conference,Electrical energy management of building using fuzzy control,International Conference on Ro,2019.0,"Muzzamil Ghaffar, Shakil R Sheikh, Noman Naseer, Muhammad Naved, Umair Aziz, Zafar Ullah Koreshi",,,,
148,16_MUZZAMIL_GHAFFAR,conference,Assistive Smart Home Environment using Head Gestures and EEG Eye Blink Control Schemes,International Conference on Ar,2021.0,"Muzzamil Ghaffar, Shakil R Sheikh, Noman Naseer, Fraz, Ahmed",,,,
149,16_MUZZAMIL_GHAFFAR,journal,Non-intrusive load monitoring of buildings using spectral clustering,Sensors,2022.0,"Muzzamil Ghaffar, Shakil R Sheikh, Noman Naseer, Zia, Mohy Ud Din, Hafiz Zia Ur Rehman, Muhammad Naved",,,,
150,17_SUHAIL_ASGHAR,journal,Graphene as a Phase Shifter Element for Reflectarray Beam-Steering at THz Frequencies,Progress In Electromagnetics Research,2025.0,"SA Qureshi, Muhammad Ramlee Kamarudin, Yoshihide Yamada, Muhammad Hashim Dahri, Zuhairiah Zainal Abidin, Nordin Ramli",,,,
151,17_SUHAIL_ASGHAR,journal,Planar edged UWB antenna for water quality measurement,Progress In Electromagnetics Research,2023.0,"Joseph Charles Vinoth, Charles Vinoth, Subramaniam Ramesh, Subramaniam Ramesh, Zuhairiah Z Abidin, Suhail A Qureshi, Sivathanu Chitra, Elumalai Saranya",,,,
152,17_SUHAIL_ASGHAR,journal,Early Detection and Quantitative Analysis of Skin Cancer Using THz Metamaterial Biosensor,International Journal of Integrated,2024.0,"SA Qureshi, ZZ Abidin, MR Kamarudin, NB Ghazali",,,,
153,17_SUHAIL_ASGHAR,journal,The 6G Reconfigurable Reflectarray Antenna Using a Gold-VO-2 Bilayer Structure,Progress In Electromagnetics Research,2024.0,"SA Qureshi, MR Kamarudin, MI Abbasi, Y Yamada, MH Dahri, ZZ Abidin",,,,
154,17_SUHAIL_ASGHAR,journal,Millimetre‐wave metamaterial‐based sensor for characterisation of cooking oils,International Journal of Antennas,2021.0,"SA Qureshi, Z Zainal Abidin, AYI Ashyap, HA Majid, MR Kamarudin",,,,
155,17_SUHAIL_ASGHAR,journal,Double-Layered metamaterial resonator operating at millimetre wave for detection of dengue virus,AEU-International Journal of Electr,2022.0,"SA Qureshi, ZZ Abidin, AYI Ashyap, HA Majid, CH See",,,,
156,17_SUHAIL_ASGHAR,journal,Glucose level detection using millimetre-wave metamaterial-inspired resonator,Plos one,2022.0,"SA Qureshi, ZZ Abidin, NIM Elamin, HA Majid, AYI Ashyap, J Nebhen",,,,
157,17_SUHAIL_ASGHAR,journal,Reflectarray 2D Beam-Steering With Graphene on Copper Elements for 6G Point-to-Point Communication,IEEE Open Journal of Antennas and Propagation,2024.0,"SA Qureshi, MR Kamarudin, Y Yamada, MI Abbasi, MH Dahri, ZZ Abidin",,,,
158,18_MUHAMMAD_AMJAD,conference,Habitat types mapping using remote sensing techniques in Cyprus,Eleventh International Conference,2025.0,"Muhammad Amjad Iqbal, Eleftheria Kalogirou, Despina Makri",,,13816,
159,18_MUHAMMAD_AMJAD,conference,Comparison of Novel and Classical AI Techniques for SAR Oil Spill Detection,International Conference on Machine,2025.0,"Muhammad Amjad Iqbal, Iqbal, Eleftheria Kalogirou, Despina Makri",,,,
160,18_MUHAMMAD_AMJAD,conference,CFAR-based automatic ship detection exploiting polarimetric correlation descriptors,Eleventh International Conference,2025.0,"Muhammad Amjad Iqbal, E. Kalogirou, D. Makri, C. Mettas, M. Tzouvaras, D. G. Hadjimitsis",,,13816,
161,18_MUHAMMAD_AMJAD,conference,Accelerating ocean currents analysis: tiling-based parallel computing for SAR imagery,Eleventh International Conference,2025.0,"Muhammad Amjad Iqbal, E. Kalogirou, D. Makri, C. Mettas, M. Tzouvaras, D. G. Hadjimitsis",,,13816,
162,18_MUHAMMAD_AMJAD,journal,Oil Spill Detection using Convolutional Neural Networks and Sentinel-1 SAR Imagery,The International Archives of the Photogrammetry,2025.0,"Eleftheria Kalogirou, Konstantinos Christofi, Despoina Makri, Muhammad Amjad Iqbal",,,,
163,18_MUHAMMAD_AMJAD,journal,Subaperture decomposition analysis for accurate ship detection and velocity estimation in synthetic aperture radar imagery,Remote Sensing Letters,2024.0,"Muhammad Amjad Iqbal, Andrei Anghel, Mihai Datcu",,,,
164,18_MUHAMMAD_AMJAD,conference,Active Microwave Sensors for Vegetation Water Content Estimation,2024 IEEE International,2024.0,"Samiullah Yousaf, Muhammad Amjad Iqbal, Andrea Buono, Ferdinando Nunziata, Maurizio Migliaccio",,,,
165,18_MUHAMMAD_AMJAD,conference,Validation of Reported Strong Currents in Mamaia Bay (Black Sea) Using Sentinel-1 SAR Data,MetroSea2024,2024.0,"Muhammad Amjad Iqbal, Andrei Anghel, Mihai Datcu",,,,
166,18_MUHAMMAD_AMJAD,conference,Coarse-to-fine Estimation: Compressive Sensing for High-Resolution Inverse SAR Imaging,EuSAR 2024,2024.0,"Muhammad Amjad Iqbal, Miguel Heredia Conde, Andrei Anghel, Mihai Datcu",,,,
167,18_MUHAMMAD_AMJAD,conference,Towards Complex-Valued Deep Architectures with Data Model Preservation for Sea Surface Current Estimation from SAR Data,CBMI 2023,2023.0,"Muhammad Amjad Iqbal, Reza Mohammadi, Omid Ghozatlou, Andrei Anghel, Mihai Datcu",,,,
168,18_MUHAMMAD_AMJAD,journal,Ice Cover Delineation Over Devon Iceland Using Sentinel Polarimetric SAR and Optical Data,IEEE,2023.0,"Muhammad Amjad Iqbal, Andrei Anghel, Mihai Datcu",,,,
169,18_MUHAMMAD_AMJAD,journal,Assessment of mm-Wave High Resolution Inverse SAR Imaging both with Compact and Sparse Data,IEEE,2023.0,"Muhammad Amjad Iqbal, Andrei Anghel, Mihai Datcu, Iñigo Ederra, Juan Carlos Iriarte",,,,
170,18_MUHAMMAD_AMJAD,journal,Exploiting Inverse SAR Images and Dual-Pol Decomposition for the Estimation of Tree Scattering Properties,IEEE,2023.0,"Muhammad Amjad Iqbal, Andrei Anghel, Mihai Datcu, Andreas Bathelt, Stefan Sieger",,,,
171,18_MUHAMMAD_AMJAD,journal,Coastline Extraction From SAR Data Using Doppler Centroid Images,IEEE Geoscience and Remote Sensing,2022.0,"Muhammad Amjad Iqbal, Andrei Anghel, Mihai Datcu",1506205.0,,,
172,18_MUHAMMAD_AMJAD,journal,On the De-Ramping of SLC-IW Tops SAR Data and Ocean Circulation Parameters Estimation,IEEE,2022.0,"Muhammad Amjad Iqbal, Andrei Anghel, Mihai Datcu",,,,
173,18_MUHAMMAD_AMJAD,journal,Doppler Centroid Estimation for Ocean Surface Current Retrieval from Sentinel-1 SAR Data,IEEE,2022.0,"Muhammad Amjad Iqbal, Andrei Anghel, Mihai Datcu",,,,
174,19_ASIM_MASOOD,conference,Information theory based redundancy and independent component analysis,Proceedings of the 1.00,2008.0,"A. Masood, A K Nandi",,,,
175,19_ASIM_MASOOD,journal,Cochlear Microphonic Data Acquisition System,IEEE Instrumentation and Measurement,2024.0,"A. Masood, P. Teal, C. Hollitt and R. Dykstra",,,,
176,19_ASIM_MASOOD,conference,Independent Component Analysis based speech separation using geometric kth nearest neighbor entropy estimator,IEEE 5th International Conference,2020.0,"A. Masood, Z. Ye",,,,
177,19_ASIM_MASOOD,conference,Independent Vector Analysis based Convolutive Speech Separation by Estimating Entropy using Recursive Copula Splitting,15th IEEE International Conference,2020.0,"A. Masood, R. Tong, M. Shakeel and Z.Ye",,,,
178,19_ASIM_MASOOD,journal,Single Channel Speech Separation using Deep and Recurrent Neural Network via Copula Component Analysis,International Journal of Speech Technology,2021.0,"Asim Masood, Md Imran Hossain and Zhongfu Ye",,,,
179,19_ASIM_MASOOD,journal,Dual-Transform Source Separation Using Sparse Non-Negative Matrix Factorization,"Circuits, Systems & Signal Processing",2021.0,"Asim Masood, Md. Imran Hossain, Md. Shohidul Islam, Mst. Titasa Khatun, Rizwan Ullah, Zhongfu Ye",,,,
180,19_ASIM_MASOOD,journal,A non-invasive cochlear microphonic measurement system,Journal,2012.0,"Asim Masood, P.D.Teal and C.Hollitt",,,,
181,19_ASIM_MASOOD,journal,Improvement of Joint Optimization of Masks and Deep Recurrent Neural Networks for Monaural Speech Separation using Optimized Activation Functions,Chinese Journal of Acoustics,2020.0,"Asim Masood, Zhongfu Ye",,,,
182,20_SYED_FASIH_ALI,journal,Identification of efficient COVID-19 diagnostic test through artificial neural networks approach − and substantiated by modeling and simulation,Journal of Intelligent Systems,2021.0,"Mustafa Kamal Pasha, Syed Fasih Ali Gardazi, Imtiaz, Asma Talib Qureshi, Rabia Afrasiab",,,,
183,20_SYED_FASIH_ALI,conference,Latency Analysis of an RF Energy Harvesting System with a Backscatter Symbiotic Radio,IEEE Wireless communication and net,2024.0,"Syed Fasih Ali Gardazi, Momin Uppal, Jawwad Nasar, Chattha",,,,
184,20_SYED_FASIH_ALI,journal,Latency-Optimum NOMA With RF Energy Harvesting and Finite Battery Capacity,IEEE Communication Letters,2023.0,"Syed Fasih Ali Gardazi, Momin Uppal, Jawwad Chattha",,,,
185,20_SYED_FASIH_ALI,journal,On achieving throughput optimality with energy prediction-based power allocation in 5G networks,Transaction on Emerging Telecommuni,2018.0,"Syed Fasih Ali Gardazi, Rizwan Ahmed, Hassaan Khaliq, Waqas Ahmed",,,,
186,21_SAMAN_FATIMA,conference,A CMOS readout circuit for a low shunt resistance IR photo-detector,IEEE International Conference on El,2023.0,Saman Fatima; Emilie Avignon; Meseldzija; Caroline Lelandais-Perrault; Mohamed Ben Chouikha; Philippe Bénabès,,,,
187,22_ZEESHAN,journal,A Novel Bistatic-SAR Simulation-Based Fixed Receiver Multit,IEEE,2020.0,Abdul Wahab; Kashif Hussain; Abdul Wahab; Kashif Hussain; Haroon Ahmed; Tahir Bashir; Kamil Jalal; Zeeshan Hameed,,,,
188,22_ZEESHAN,conference,Multi-Factor Trust Management in Distributed Storage Networks based on Capacity and Behavior,9th International Conference,2024.0,Ibe Van Thillo; Zeeshan Hameed; Ibe Van Thillo; Zeeshan Hameed; Claus Pahl,,,,
189,22_ZEESHAN,journal,Motion Synchronization Control for a Large Aircraft's Hybrid Actuation System Using Fuzzy Logic- and Based Control Techniques,Mathematics,2023.0,Waheed Ur Rehman; Xingjian Wang; Zeeshan Hameed; Muhammad Yasir Gul,,,,
190,22_ZEESHAN,journal,Motion synchronization for the SHA/EMA hybrid actuation system by using an optimization algorithm,"Journal for Control, Measurement, and Diagnostics",2021.0,Waheed Ur Rehman; Xinhua Wang; Yiqi Cheng; Hui Chai; Zeeshan Hameed; Xingjian Wang; Farrukh Saleem,,,,
191,22_ZEESHAN,journal,Hierarchical Boosting Dual-Stage Feature Reduction Ensemble Model for Parkinson's Disease and Speech Data,Diagnostics,2021.0,Mingyao Yang; Jie Ma; Pin Wang; Zhiyong Huang; Yongming Li; He Liu; Zeeshan Hameed,,,,
192,22_ZEESHAN,journal,Weighted Hybrid Feature Reduction Embedded with Ensemble Learning for Speech Data of Parkinson's Disease,Mathematics,2021.0,Zeeshan Hameed; Waheed Ur Rehman; Wakeel Khan; Nasim Ullah; Fahad R. Albogamy,,,,
193,22_ZEESHAN,conference,Robust-DSN - Performance and Fault Tolerance of a Distributed Storage Network,Eighth International Conference,2023.0,Zeeshan Hameed; Hamid R. Barzegar; Nabil El Ioini; Claus Pahl,,,,
194,22_ZEESHAN,journal,Robust-DSN: A Hybrid Distributed Replication and Encoding Network and Grouped with a Distributed Swarm Workflow Scheduler,Electronics,2024.0,Zeeshan Hameed; Hamid R. Barzegar; Nabil El Ioini; Claus Pahl,,,,
195,22_ZEESHAN,journal,BE-DSN: leveraging blockchain for improving data availability and security in distributed storage networks,Cluster Computing,2025.0,Zeeshan Hameed; Hamid R. Barzegar; Nabil El Ioini; Claus Pahl,,,,
196,22_ZEESHAN,journal,A secure and reliable distributed storage system with multi-factor trust-aware workflow scheduling,Cluster Computing,2025.0,Zeeshan Hameed; Claus Pahl; Mohammad Hajian Berenjestanaki; Ibe Van Thillo,,,,
197,23_WAQAS_TARIQ_TOOR,conference,Enhancing early detection of diabetes using machine learning algorithms,1st International Conference,2024.0,"Atiqa Saeed, Hafiz Muhammad Salman Ajmal, Muhammad Umair Ahmad Khan, Waqas Tariq Toor",,,,
198,23_WAQAS_TARIQ_TOOR,journal,Experimental investigation on a solar-powered oxy-hydrogen gas system for enhanced plastic pyrolysis,Results in Optics,2024.0,"Saqlain Abbas, Muhammad Hamza, Komal Afzal, Zulkarnain Abbas, Waqas Tariq Toor, Ahmad Ali, Faiza Bibi, Zaryab Basharat",,,,
199,23_WAQAS_TARIQ_TOOR,conference,Machine Learning Based Early Detection for Brain Stroke,Horizons of Information Technology,2024.0,"Abdullah Khan, Waqas Tariq Toor, Sherazi, Nimra Saleem",,,,
200,23_WAQAS_TARIQ_TOOR,conference,"A Comparative Study of DenseNet121, VGG16, and Custom CNNs for Brain Tumor Classification using MRI Images",3rd International Conference,2024.0,"Muhammad Masab, Waqas Tariq Toor, Zohaib Rafi, Mujeeb Ur Rehman",,,,
201,23_WAQAS_TARIQ_TOOR,conference,Mutually Guided Image Dehazing,International Conference on Em,2022.0,"Usman Ali, Waqas Tariq Toor",,,,
202,23_WAQAS_TARIQ_TOOR,conference,Online control of random access with splitting,Proceedings of the Twenty-First International Conference,2020.0,"Waqas Tariq Toor, Jun-Bae Seo, Hu Jin",,,,
203,23_WAQAS_TARIQ_TOOR,journal,A Comparative Study of Customer Preferences for Telecommunication Technologies in Pakistan,Engineering Journal,2020.0,"Muhammad Saadi, Rabeel Manzoor, Waqas Tariq Toor, Sanika K Wijayasekara, Farhat Masood, Lunchakorn Wuttisittikulkij",,,,
204,23_WAQAS_TARIQ_TOOR,journal,Recursive pseudo-Bayesian access class barring for M2M communications in LTE systems,IEEE Transactions on Vehicular Technology,2017.0,"Hu Jin, Waqas Tariq Toor, Bang Chul Jung, Jun-Bae Seo",,,,
205,23_WAQAS_TARIQ_TOOR,journal,Distributed transmission control in multichannel S-ALOHA for ad-hoc Networks,IEEE Communications Letters,2017.0,"Waqas Tariq Toor, Jun-Bae Seo, Hu Jin",,,,
206,23_WAQAS_TARIQ_TOOR,journal,A novel dissimilarity of activity biomarker and functional connectivity analysis for the epilepsy diagnosis,Symmetry,2019.0,"Abdul Basit, Saqib Ali Khan, Waqas Tariq Toor, Naeem Maroof, Muhammad Saadi, Atif Ali Khan",,,,
207,23_WAQAS_TARIQ_TOOR,journal,Practical splitting algorithm for multi-channel slotted random access systems,IEEE Transactions on Mobile Computing,2019.0,"Waqas Tariq Toor, Jun-Bae Seo, Hu Jin",,,,
208,23_WAQAS_TARIQ_TOOR,journal,IoT enabled quality of experience measurement for next generation networks in smart cities,Sustainable Cities and Society,2020.0,"Muhammad Saadi, Muhammad Talha Noor, Aadil Imran, Waqas Tariq Toor, Shahid Mumtaz, Lunchakorn Wuttisittikulkij",,,,
209,23_WAQAS_TARIQ_TOOR,journal,Two step random access latency improvement in congested beyond 5G networks,Electronics,2020.0,"Mamta Agiwal, Mukesh Kumar Maheshwari, Waqas Tariq Toor",,,,
210,23_WAQAS_TARIQ_TOOR,journal,Combined access barring scheme for IoT devices using Bayesian estimation,Electronics,2020.0,"Waqas Tariq Toor, Maira Alvi, Mamta Agiwal",,,,
211,23_WAQAS_TARIQ_TOOR,journal,Analysis of two-step random access procedure for cellular ultra-reliable low latency communications,IEEE Access,2021.0,"Jun-Bae Seo, Waqas Tariq Toor, Hu Jin",,,,
212,23_WAQAS_TARIQ_TOOR,journal,Performance analysis of access class barring for next generation IoT devices,Alexandria Engineering Journal,2021.0,"Maira Alvi, Waqas Tariq Toor, Khamael M Abualnaja, Muhammad Saadi",,,,
213,23_WAQAS_TARIQ_TOOR,journal,Detection of small size traffic signs using regressive anchor box selection and DBL layer tweaking in YOLOv3,Applied Sciences,2021.0,"Yawar Rehman, Hafsa Amanullah, Dost Muhammad, Saqib Bhatti, Waqas Tariq Toor, Muhammad Ahmad, Manuel Mazzara",,,,
214,23_WAQAS_TARIQ_TOOR,journal,Evolution of random access process: From Legacy networks to 5G and beyond,Transactions on Emerging Telecommunications Technologies,2022.0,"Waqas Tariq Toor, Abdul Basit, Naeem Maroof, Saqib Ali Khan, Muhammad Saadi",,,,
215,23_WAQAS_TARIQ_TOOR,journal,Quantum key distribution protocol selector based on machine learning for next-generation networks,Sustainability,2022.0,"Ogobuchi Daniel Okey, Siti Sarah Maidin, Renata Lopes Rosa, Waqas Tariq Toor, Dick Carrillo Melgarejo, Lunchakorn Wuttisittikulkij, Muhammad Saadi, Demóstenes Zegarra Rodríguez",,,,
216,23_WAQAS_TARIQ_TOOR,journal,Wound rotor synchronous motor as promising solution for traction applications,Electronics,2022.0,"Asif Hussain, Zafar Baig, Waqas Tariq Toor, Usman Ali, Muhammad Idrees, Tamara Al Shloul, Yazeed Yasin Ghadi, Hend Khalid Alkahtani",,,,
217,23_WAQAS_TARIQ_TOOR,journal,A New Noise Shaping Approach for Sigma-Delta Modulators Using Two-Stage Feed-Forward Delays and Hybrid MASH-EFM,Electronics,2023.0,"Khalid Ijaz, Muhammad Adnan, Waqas Tariq Toor, Muhammad Asim Butt, Muhammad Hybrid, Izaz Hassan, Yazeed Yasin Ghadi, Fuad A Awwad, Mohamed R Abonazel, Syed Rehan Ashraf",,,,
218,23_WAQAS_TARIQ_TOOR,journal,Mini-slot based access barring scheme for IoT networks,Human-Centric Computing and Information Sciences,2023.0,"Maira Alvi, Waqas Tariq Toor, Yawar Rehman, Imran Javed, Muhammad Idrees, Junaid Imtiaz, Muhammad Assam, Amira Syed A Aziz, El-Awadi Attia",,,,
219,23_WAQAS_TARIQ_TOOR,journal,Reversible encryption and lossless data hiding for medical imaging aiding smart health care,Cluster Computing,2023.0,"Abdul Basit, Waqas Tariq Toor, Muhammad Saadi, Naeem Maroof, Saqib Ali Khan, Sattam Al Otaibi",,,,
220,23_WAQAS_TARIQ_TOOR,conference,Detection of Parkinson's Disease from Voice Signals Using Explainable Artificial Intelligence,3rd International Conference,2024.0,"Adeel Mukhtar, Waqas Tariq Toor, Saddique Khalid, Muhammad Shoaib, Akhtar",,,,
221,23_WAQAS_TARIQ_TOOR,conference,Tuberculosis detection in chest X-rays using hybrid deep learning models,3rd International Conference,2024.0,"Anees Ur Rehman, Waqas Tariq Toor, Toseeq Haider Bajwa, Umair Bajwa",,,,
222,23_WAQAS_TARIQ_TOOR,journal,Dual-Core: Dual Collision Resolution for Massive Access in Cellular IoT Networks,IEEE Transactions on Communications,2025.0,"Huiyang Xie, Waqas Tariq Toor, Jun-Bae Seo, Hu Jin",,,,
223,23_WAQAS_TARIQ_TOOR,conference,Hybrid Deep Learning for Blood Cancer Detection: A CNN-GCN Approach for Enhanced Diagnostic Accuracy,International Conference on Em,2025.0,"Abdul Rehan, Waqas Tariq Toor, Adeel Mukhtar, Hunain Zaidi, Zain Ul Abidin",,,,
224,23_WAQAS_TARIQ_TOOR,conference,IoT-Driven Battery Health Management and Tracking for Eco-friendly and Efficient Electric Transportation,International Conference on Em,2025.0,"Maania Jabbar, Waqas Tariq Toor, Farah Khalid, Muhammad Farhan, Arshad",,,,
225,23_WAQAS_TARIQ_TOOR,journal,Capture Effect-based Optimal Access Class Barring for IoT Communications,Physical Communications,2025.0,"Waqas Tariq Toor, Imran Javed, Yawar Rehman, Muhammad Idrees, Zubair Mehmood",,,,
226,24_AHMED_NAEEM,journal,Physical layer security for wireless sensing and joint radar and communications,Physical Layer Security for Wireles,2024.0,"S. Rafique, Ahmed Naeem, H. Arslan",,,,
227,24_AHMED_NAEEM,journal,Signal domain physical modification for PLS,Physical Layer Security for Wireles,2024.0,"S.E. Zegrar, Ahmed Naeem, H.M. Furqan, and H. Arslan",,,,
228,24_AHMED_NAEEM,conference,Blind Signal Analysis-Wireless Communication Signals: A L,Wireless Communication Signals,2021.0,"Mehmet Ali Aygul, Ahmed Naeem, Huseyin Arslan",,,,
229,24_AHMED_NAEEM,conference,Fall Detection using Accelerometer Calibration,15th International Conference on Em,2019.0,"Ahmed Naeem, S. Khan",,,,
230,24_AHMED_NAEEM,conference,Joint Radar and Communication based Blind Signal Separation using a New Non-Linear Function for Fast-ICA,2021 IEEE 94th Vehicular Technology,2021.0,"Ahmed Naeem, H. Arslan",,,,
231,24_AHMED_NAEEM,conference,A Novel Frame Design for Non-Terrestrial Network Based Integrated Sensing and Communication,IEEE 33rd Annual International Symp,2022.0,"Ahmed Naeem, S. Rafique and H. Arslan",,,,
232,24_AHMED_NAEEM,journal,Radar-Aided Communication Scheduling Algorithm for 5G and Beyond Networks,IEEE Access,2022.0,"A. M. Jaradat, Ahmed Naeem, M. I. Sağlam, M. Kartal and H. Arslan",,,,
233,24_AHMED_NAEEM,journal,Joint Adaptive OFDM and Reinforcement Learning Design for Autonomous Vehicles: Leveraging Age of Updates,IEEE Open Journal of Vehicular Tech,2025.0,"M. Delamou, Ahmed Naeem, H. Arslan and E. M. Amhoud",,,,
234,24_AHMED_NAEEM,journal,Polarization-Based Multiplexing: Enabling Spectrum Efficient Joint Radar and Communication,IEEE Wireless Communications Letter,2024.0,"Ahmed Naeem, Mamady Delamou, El Mehdi Amhoud, Hüseyin Arslan",,,,
235,24_AHMED_NAEEM,journal,A Novel User Association Scheme for Joint Radar and Communication in Cell-Free mMIMO Systems,IEEE Transactions on Vehicular Tech,2025.0,"Ahmed Naeem, E. M. Amhoud and H. Arslan",,,,
236,24_AHMED_NAEEM,journal,A Temporal Broadening-Aware Pulse Width Adaptation Scheme for ISI Mitigation and Energy Efficiency in THz Communication,IEEE Transactions on Green Communic,2025.0,"Ahmed Naeem, S. Rafique, Abu B. Kihero, and H. Arslan",,,,
237,25_MUHAMMAD_ADEEL_ALTAF,conference,A Multimodal Framework for MODT Using Enhanced Correlation-Based Affinity Metrics in Autonomous Driving,The 7th International Conference on Artificial Intelligence in Information and Communication,2025.0,"MUHAMMAD ADEEL ALTAF, Min Young Kim",,,,
238,25_MUHAMMAD_ADEEL_ALTAF,conference,Multi-Modal Integration of 2D and 3D Attributes for Multi-Vehicles Tracking,15th International Conference on In,2024.0,"MUHAMMAD ADEEL ALTAF, Min Young Kim",,,,
239,25_MUHAMMAD_ADEEL_ALTAF,journal,Gaussian Mixture Model-based Data Association Incorporating Deep Learning Network for Multivehicle Tracking and Detection in Autonomous Driving Systems,Advanced Intelligent Systems,2025.0,"MUHAMMAD ADEEL ALTAF, Min Young Kim",,,,
240,25_MUHAMMAD_ADEEL_ALTAF,journal,"Usage of IR Sensors in HVAC Systems, Vehicles, and Manufacturing Industries: A Review",IEEE Sensors Journal,2022.0,"MUHAMMAD ADEEL ALTAF, Min Young Kim",,,,
241,25_MUHAMMAD_ADEEL_ALTAF,journal,Multiple Object Detection and Tracking in Autonomous Vehicles: A Survey on Enhanced Affinity Computation and Its Multimodal Applications,ICT Express,2025.0,"MUHAMMAD ADEEL ALTAF, Min Young Kim",,,,
242,26_AAMINA_AKBAR,conference,Joint Backhaul Pairing and Resource Allocation of Moving Small Cells Using NOMA,International Conference,2023.0,"Myra Khalid, Aamina Akbar, Hassaan Khaliq, Qureshi, Sobia Jangsher",,,,
243,26_AAMINA_AKBAR,journal,Noma in Hetnets: Adaptive Resource Allocation with Imperfect Sic,Journal,2025.0,"Aamina Akbar, Ashfaq Ahmed, Adnan Zafar, Sobia Jangsher",5147939.0,,,
244,26_AAMINA_AKBAR,journal,An energy-efficient JT-CoMP enabled framework with adaptive OMA/NOMA in HetNets,Journal,2024.0,"Aamina Akbar, Ashfaq Ahmed, Adnan Zafar, Sobia Jangsher",110733.0,,,
245,26_AAMINA_AKBAR,journal,NOMA and 5G emerging technologies: A survey on issues and solution techniques,Journal,2021.0,"Aamina Akbar, Sobia Jangsher, Farrukh Aziz Bhatti",107950.0,,,
246,28_IDRIS_KHAN,journal,Incorporation of carbon nanotubes in photoactive layer of organic solar cells,Ain Shams Engineering Journal,2020.0,"Danish Khan, Zahid Ali, Idris Khan, Danyal Asif, Manoj Kumar Panjwani, Idris Khan",,,,
247,28_IDRIS_KHAN,conference,Effect of Solar Concentrators on the Efficiency of Solar Panels,International Conference on Co 2018,2018.0,"Manoj Kumar Panjwani, Li Meicheng, Danish Khan, Idris Khan, Mohan Menghwar",,,,
248,28_IDRIS_KHAN,conference,A study of product distribution under fast pyrolysis of wheat stalk while producing Bio-oil,International Conference on Computi 2018,2018.0,"Tahir Iqbal, Qiang Lu, Chang-qing Dong, Min-xing Zhou, Zulqarnain Arain, Zulfiqar Ali, Idris Khan, Zafar Hussain, Adnan Abbas",,,,
249,28_IDRIS_KHAN,journal,A review on the challenges and possibilities of using CNTs in organic solar cells,Science of Advanced Materials,2018.0,"Danish Khan, ZhanAoTan, Idris Khan, Manoj Kumar Panjwani",,,,
250,28_IDRIS_KHAN,journal,Sketching Pakistan's energy dynamics: Prospects of biomass energy,JOURNAL OF RENEWABLE AND SUSTAINABL,2018.0,"Tahir Iqbal, Chang-qing Dong, Qiang Lu, Zulfiqar Ali, Idris Khan, Zafar Hussain, Adnan Abbas",,,,
251,28_IDRIS_KHAN,conference,Photovoltaic Power Forecasting based on Elman Neural Network Software Engineering Method,8th IEEE International Conference,2017.0,"Idris Khan, Honglu Zhu, Jianxi Yao, Danish Khan",,,,
252,28_IDRIS_KHAN,conference,Photovoltaic Power prediction by Cascade forward artificial neural network,7th international conference on,2017.0,"Idris Khan, Honglu Zhu, Danish Khan, Manoj Kumar Panjwani",,,,
253,28_IDRIS_KHAN,journal,Hybrid Power Forecasting Model for Photovoltaic Plants Based on Neural Network and Air Quality Index,International Journal of Photoenerg,2017.0,"Idris Khan, Honglu Zhu, Jianxi Yao, Danish Khan, Tahir Iqbal",,,,
254,28_IDRIS_KHAN,conference,Preparation and breakdown properties of mineral oil based alumina nanofluids,International conference on Em,2015.0,"Muhammad Rafiq, Chengrong Li, Idris Khan, Hu Zhifeng, Yuzhen Lv, Kai Yi",,,,
255,28_IDRIS_KHAN,journal,Comparison of transmission losses and voltage drops of GIL(Gas Insulated transmission line) and overhead transmission lines,Power Electronics and Motion Contro,2014.0,"Danish Khan, Muhammad Rafiq, Syed Furqan Rafique, Idris Khan, Farukh Abbas",,,,
256,29_MUHAMMAD_SARMAD_TARIQ,journal,Economic analysis of a small hybrid power system,Power Generation,2015.0,"Muhammad Sarmad Tariq, Arsham Iqbal, Ibrahim F, Muhammad, Muhammad Faraz, Muhammad S Tariq, Hasan-ul Banna",,,,
257,29_MUHAMMAD_SARMAD_TARIQ,journal,"Impact of module and inverter failures on the performance of central-, string-, and micro-inverter PV systems",Microelectronics Reliability,2018.0,"Muhammad Sarmad Tariq, Muhammad S Tariq, Saad A Butt, Hassan A Khan",,,,
258,29_MUHAMMAD_SARMAD_TARIQ,journal,Harmonic analysis of grid-connected solar PV systems with nonlinear household loads in low-voltage distribution networks,Sustainability,2021.0,"Muhammad Sarmad Tariq, Syed Muhammad Ahsan, Hassan Abbas Khan, Akhtar Hussain, Sarmad Tariq, Nauman Ahmad Zaffar",,,,
259,29_MUHAMMAD_SARMAD_TARIQ,conference,Optimal power flow and contingency analysis incorporating distributed facts and dynamic thermal line rating,North American Power Symposium,2021.0,Muhammad Sarmad Tariq,,,,
260,29_MUHAMMAD_SARMAD_TARIQ,conference,A Unified Power Flow Controller (UPFC) Based Optimal Power Flow Methodology for Balancing Electric Grid Line-Loading,IEEE Industry Applications Society,2024.0,Muhammad Sarmad Tariq,,,,
261,29_MUHAMMAD_SARMAD_TARIQ,conference,Optimal Location Methodology for Multiple UPFCs to Reduce Transmission Congestion,SoutheastCon,2025.0,Muhammad Sarmad Tariq,,,,
262,29_MUHAMMAD_SARMAD_TARIQ,conference,Optimal Power Flow Methodology with UPFC and Synchronous generator for Optimal Power Flow Management,SoutheastCon,2025.0,Muhammad Sarmad Tariq,,,,
263,30_FAHD_SIKANDAR_KHAN,journal,"Catalytically Active Bimetallic Nickel-Cobalt MOF Linked Via Pyridine 2, 6-Dicarboxylate for Electrochemical Water Splitting Applications",Arab Journal of Science & Engineering,2024.0,"Zahid, R Abdul Karim, M.R., Khan, F.S.",,,,
264,30_FAHD_SIKANDAR_KHAN,journal,Elucidating the performance of hexamethylene tetra-amine interlinked bimetallic NiCo-MOF for efficient electrochemical hydrogen and oxygen evolution,RSC Advances,2024.0,"Zahid, R, Karim, M.R.A, Khan, F.S., Marwat, M.A.",,,,
265,30_FAHD_SIKANDAR_KHAN,journal,Scalability and Efficiency Analysis of Hyperledger Fabric and Private Ethereum in Smart Contract Execution,,2025.0,"Khan, M.M, Khan, F.S, Nadeem, M, Khan, T.H, Haider, S, Daas, D",,,,
266,30_FAHD_SIKANDAR_KHAN,conference,Electrochemical reduction of CO2 by Arc Plasma Deposition of copper and gold composite nano particles,Nanoscience Meet,2018.0,"Khan, F.S, Sugiyama, M, Fujii, K, Nakano, Y",,,,
267,30_FAHD_SIKANDAR_KHAN,conference,Solar Energy Conversion via reduction of CO2 using Concentrator Photovoltaics,22nd International conference on ph,2018.0,"Khan, F.S, Yamashita, D, Sugiyama, M, Fujii, K, Nakano, Y, Bocarsly, Y",,,,
268,30_FAHD_SIKANDAR_KHAN,journal,Arc Plasma Deposited Copper and Gold Nanoparticles on FTO Substrate for Electrochemical Reduction of CO2,Advances in nanoscience and nanotechnology,2019.0,"Khan, F.S, Sugiyama, M, Fujii, K, Nakano, Y",,,,
269,30_FAHD_SIKANDAR_KHAN,journal,Electrochemical reduction of CO2 using cuprous oxide particles supported on Carbon Paper substrate,Asian Journal of Nanoscience and Nanotechnology,2019.0,"Khan, F.S, Sugiyama, M, Fujii, K, Nakano, Y",,,,
270,30_FAHD_SIKANDAR_KHAN,journal,Spectral Properties of Glass (15Ga2S3 · 85GeS2) Doped with Erbium,Glass Physics & Chemistry,2017.0,"Razumtecev, A.A, Kolesnikov, I, Tveryanovich, Y.S, Khan, F.S, Kurochkin, A",,,,
271,30_FAHD_SIKANDAR_KHAN,journal,Electrochemical reduction of CO2 using Indium doped Germanium Sulphide amorphous glass structures,Heliyon,2020.0,"Khan, F.S, Sugiyama, M, Fujii, K, Tveryanovich, Y, Nakano, Y",,,,
272,31_USMAN_MASUD,journal,Preparation of dual mode spectroscopic system for testing: Analysis of sample holder and investigation of intensity noise,Heliyon,2025.0,"Usman Masud, Walaa Alayed, Momna Ikram",,,,
273,31_USMAN_MASUD,journal,Sensitivity evaluation of Brownian motion and chemical reaction parameter on transport of motile gyrotactic microorganism in nanofluid over a wedge,ZAMM - Journal of Applied Mathematic,2024.0,"Usman Masud, Dilawar Hussain, Zaheer Asghar, Ahmed Zeeshan",,,,
274,31_USMAN_MASUD,journal,A Novel Deep Learning Framework With Meta-Heuristic Feature Selection for Enhanced Remote Sensing Image Classification,IEEE Access,2024.0,"Usman Masud, Bilal Ahmed, Tallha Akram, Syed Rameez Naqvi, Anas Alsuhaibani, Youssef N. Altherwy",,,,
275,32_QAISAR_HUSSAIN_ALVI,journal,Performance evaluation of,New Horizons,2011.0,"Engr. Qaiser Hussain, Engr. Gulistan Raja",,,,
276,32_QAISAR_HUSSAIN_ALVI,journal,Full Duplex Relaying in Non,Radioengineering Journal,2020.0,"Q. Hussain, S. Sohaib",,,,
277,32_QAISAR_HUSSAIN_ALVI,journal,Performance Analysis of,Telecommunication Systems,2023.0,"Hussain, Qaiser",,,,
278,32_QAISAR_HUSSAIN_ALVI,journal,On the Capacity Analysis,Wireless Personal Communication,2023.0,"Hussain, Qaisar",,,,
279,33_QAMAR_ABBAS,journal,Enhancing Backscatter Communication in IoT Networks with Power-Domain NOMA,Wireless-Powered Backscatter Commun,2024.0,"Shah Zeb, Qamar Abbas, Syed Ali Hassan, Aamir Mahmood, Mikael Gidlund",,,,
280,33_QAMAR_ABBAS,conference,NOMA enhanced backscatter communication for green IoT networks,16th International Symposium on,2019.0,"Shah Zeb, Qamar Abbas, Syed Ali Hassan, Aamir Mahmood, Rafia Mumtaz, Syed Ali Raza Zaidi, Mikael Gidlund",,,,
281,33_QAMAR_ABBAS,conference,Joint Optimization of Age of Information and Energy Efficiency in IoT Networks,91st Vehicular Technology Conference,2020.0,"Qamar Abbas, Shah Zeb, Syed Ali Hassan, Rafia Mumtaz, Syed Ali Raza Zaidi",,,,
282,33_QAMAR_ABBAS,journal,Age of Information in Backscatter Communication,Wireless-Powered Backscatter Commun,2020.0,"Qamar Abbas, Shah Zeb, Syed Ali Hassan",,,,
283,33_QAMAR_ABBAS,journal,A Markovian Model for the Analysis of Age of Information in IoT Networks,IEEE Wireless Communications Letter,2021.0,"Qamar Abbas, Syed Ali Hassan, Haris Pervaiz, Qiang Ni",,,,
284,33_QAMAR_ABBAS,journal,A comprehensive survey on age of information in massive IoT networks,Computer Communications,2023.0,"Qamar Abbas, Syed Ali Hassan, Hassaan Khaliq, Kapal Dev, Haejoon Jung",,,,
285,33_QAMAR_ABBAS,journal,On minimizing the age of information in NOMA-based vehicular networks using Markov decision process,IEEE Transactions on Intelligent Transportation Systems,2022.0,"Qamar Abbas, Syed Ali Hassan, Haejoon Jung, Shamim Hossain",,,,
286,34_SHAHZAD,conference,Flexible IoT Datapath Programming using P4,International Conference on Green and Sustainable Computing,2019.0,"Shahzad, Eun Sung Jung",,,,
287,34_SHAHZAD,conference,Enhanced Explicit Congestion Notification (EECN) in TCP with P4 Programming,International Conference on Green and Sustainable Computing,2020.0,"Shahzad, Eun-Sung Jung, J. Chung and R. Kettimuthu",10.1109/ICGHIT49656.2020.00015,,,
288,34_SHAHZAD,conference,FLIP: Flexible IoT Path programming for Large-scale IoT,"20th IEEE/ACM International Symposium on Cluster, Cloud and Grid Computing",2020.0,"Shahzad, Eun Sung Jung",10.1109/CCGrid49817.2020.00014,,,
289,34_SHAHZAD,journal,Big Data Merging and Deep Learning Model Optimization for Improving Weather Information Forecasting Performance,Journal of the Institute of Electronics and Information Engineers,2021.0,"Kyung Kyu Ko, Shahzad, Eun Sung Jung",,,,
290,34_SHAHZAD,journal,Reinforcement Learning-Aided Edge Intelligence Framework for Delay-Sensitive Industrial Applications,Sensors,2022.0,"M Zubair Islam, Shahzad, Rashid Ali, Amir Haider, Hyung Seok Kim",,,,
291,34_SHAHZAD,journal,IoTactileSim: A Virtual Testbed for Tactile Industrial Internet of Things Services,Sensors,2021.0,"M Zubair Islam, Shahzad, Rashid Ali, Amir Haider, Hyung Seok Kim",10.3390/s21248363,,,
292,34_SHAHZAD,journal,Learning-Based Adaptive Sliding-Window RLNC for High Bandwidth-Delay Product Networks,IEEE Access,2023.0,"Shahzad, Rashid Ali, Amir Haider, Hyung Seok Kim",10.1109/ACCESS.2023.3298102,,,
293,34_SHAHZAD,journal,RLECN: A Reinforcement Learning Based Dynamic ECN Threshold Setting Mechanism,ICT Express,2023.0,"Shahzad, Eun Sung Jung, Hyung Seok Kim",10.1016/j.icte.2023.10.005,,,
294,34_SHAHZAD,journal,RS-RLNC: A Reinforcement Learning Based Selective Random Linear Network Coding Framework For Tactile Internet,IEEE Access,2023.0,"Shahzad, Rashid Ali, Amir Haider, Hyung Seok Kim",10.1109/ACCESS.2023.3340210,,,
295,35_MATIULLAH_AHSAN,journal,Comparative analysis of mathematical and simulation models for electric field generated beneath 400 kV overhead transmission lines,Measurement Part E,2025.0,"Matiullah Ahsan, Md Nor Ramdon Baharom, Ihsan Ullah Khalil , Zainab Zainal",,,,
296,35_MATIULLAH_AHSAN,journal,Deep learning based vision transformer approach for detecting overlapping PV faults using multi labeling,Measurement Part E,2025.0,"Umais Khan, Sarim Farqaleet Khan , Ihsan Ullah Khalil , Matiullah Ahsan",,,,
297,35_MATIULLAH_AHSAN,journal,Simulation-based analysis of electric field characteristics under high-voltage double-circuit and quadrupole overhead transmission lines,Journal of Electrostatics,2025.0,"Matiullah Ahsan, Md Nor Ramdon Baharom, Ihsan Ullah Khalil, Zainab Zainal",,,,
298,35_MATIULLAH_AHSAN,journal,Analysis of high-ampacity and low-sag conductors of 275 kV overhead transmission lines using reconductoring technique,Electric Power Systems Research,2025.0,"Matiullah Ahsan, Md Nor Bahrom, Ihsan Ullah Khalil, Zainab Zainal",,,,
299,35_MATIULLAH_AHSAN,conference,"Solar PV adoption for homes (A case of Peshawar, Pakistan)",,2017.0,"IU Khalil, Abraiz Khattak, Mati Ullah Ahsan",,,,
300,36_SAMANA_BATOOL,journal,A Hybrid Spatial and Temporal Attention Driven Network for Left Ventricular Function Assessment Using Echocardiography,,2025.0,"Samana Batool, Mubeen Ghafoor, Imtiaz Ahmed Taj, Wadood Abdul",,,,
301,36_SAMANA_BATOOL,journal,EFNet: A Multitask Deep-Learning Network for Simultaneous Quantification of Left Ventricle Structure and Function,Physica Medica,2024.0,"Samana Batool, Imtiaz Ahmad Taj, Mubeen Ghafoor",,,,
302,36_SAMANA_BATOOL,journal,Ejection Fraction Estimation from Echocardiograms Using Optimal Left Ventricle Feature Extraction Based on Clinical Methods,Diagnostics,2023.0,"Samana Batool, Imtiaz Ahmad Taj, Mubeen Ghafoor",,,,
303,37_SANIA_GUL,journal,Comparison of Cold-Cup Biopsy Versus Resection,Cureus,2025.0,"Saifullah Khan, Faiza Hayat, Sania Gul, Qudratullah Wazir",,,,
304,37_SANIA_GUL,journal,STEM: spatial speech separation using twin-delayed DDPG,Journal,2025.0,"Muhammad Salman Khan, Sania Gul",,,,
305,37_SANIA_GUL,journal,Single-channel speech denoising by masking the colored,Journal,2025.0,"Sania Gul, Muhammad Salman Khan",,,,
306,37_SANIA_GUL,journal,Single channel speech denoising by DDPG,Applied Acoustics,2025.0,"Sania Gul, Muhammad Salman Khan",,,,
307,37_SANIA_GUL,journal,Triple-0: Zero-shot denoising and dereverberation,Plos-One,2024.0,"Sania Gul, Muhammad Salman Khan, Ata Ur-Rehman",,,,
308,37_SANIA_GUL,journal,On Evaluation of Discrete RL Agents for Traffic,International Journal of Innovation,2024.0,"Sheheryar, Sania Gul, Rizwan Ahmad",,,,
309,37_SANIA_GUL,journal,DEW: A wavelet approach of rare sound event detection,Plos-One,2024.0,"Sania Gul, Muhammad Salman Khan, Ata Ur-Rehman",,,,
310,37_SANIA_GUL,journal,A survey of audio enhancement algorithms for,IEEE Access,2023.0,"Sania Gul, Muhammad Salman Khan",,,,
311,37_SANIA_GUL,journal,Single channel speech enhancement by colored,Computer Speech & Language,2024.0,"Sania Gul, Muhammad Salman Khan, Muhammad Fazeel",,,,
312,37_SANIA_GUL,journal,Preserving the beamforming effect for spatial,Computer Speech & Language,2024.0,"Sania Gul, Muhammad Salman Khan, Syed Waqar Shah",,,,
313,37_SANIA_GUL,conference,On evaluation of dereverberation algorithms,2022 International Conference,2022.0,"Sania Gul, Muhammad Sheryar, Muhammad Salman Khan, Ata Ur-Rehman, Syed Waqar Shah",,,,
314,37_SANIA_GUL,journal,Enhancing the correlation between the quality,Applied Acoustics,2022.0,"Sania Gul, Muhammad Salman Khan, Nestor Becerra Yoma, Syed Waqar Shah",,,,
315,37_SANIA_GUL,journal,Integration of deep learning with expectation,Applied Acoustics,2021.0,"Sania Gul, Muhammad Salman Khan, Syed Waqar Shah",,,,
316,37_SANIA_GUL,journal,Enabling an anechoic U-Net based speech,Applied acoustics,2021.0,"Sania Gul, Muhammad Salman Khan, Syed Waqar Shah",,,,
317,37_SANIA_GUL,journal,Clustering of spatial cues by semantic,Applied Acoustics,2021.0,"Sania Gul, Muhammad Sheryar, Muhammad Salman Khan, Syed Waqar Shah",,,,
318,37_SANIA_GUL,journal,On enhancing model‐based expectation,International Journal of Communication,2019.0,"Sania Gul, Muhammad Salman Khan, Syed Waqar Shah, Jaime Lloret",,,,
319,37_SANIA_GUL,conference,Enhancing the Separation of Sources,2019 15th International Conference,2019.0,"Sania Gul, Muhammad Salman Khan; Syed Waqar Shah; Arif Rafi",,,,
320,38_MUHAMMAD_MUSADIQ,journal,Optimal Siting of Phasor Measurement Units in National Transmission Network of Pakistan to Ensure Complete System Observability,IEEE 23rd International Multitopic Conference,2020.0,"Muhammad Musadiq Ahmed, Atif Naveed Khan, Muhammad Nadeem, Kashif Imran",,,,
321,38_MUHAMMAD_MUSADIQ,conference,An Optimal PMU Placement Against N-1 Contingency of PMU Using Integer Linear Programming Approach,International Conference on Applied,2019.0,"Muhammad Musadiq Ahmed, Kashif Imran",,,,
322,38_MUHAMMAD_MUSADIQ,conference,Effect Of PV System Design And Financial Variables On Systems Perfomance And Financial Feasibility,International Conference on Energy,2023.0,"Muhammad Musadiq Ahmed, Abdul Kashif Janjua, Shahzad Younis, Muhammad Zaid, Masood Khan",,,,
323,38_MUHAMMAD_MUSADIQ,conference,Optimising PMU Placement using Integer Linear Programming for Complete Network Observability with Zero Injection Bus and N-1 Contingency,International Conference on Energy,2023.0,"Muhammad Musadiq Ahmed, Muhammad Amjad, Muhammad Ali Qureshi",,,,
324,38_MUHAMMAD_MUSADIQ,journal,A Critical Review of State-of-the-Art Optimal PMU Placement Techniques,Energies,2022.0,"Muhammad Musadiq Ahmed, Muhammad Amjad, Muhammad Ali Qureshi, Kashif Imran, Zunaib Maqsood Haider, Muhammad Omer Khan",,,,
325,38_MUHAMMAD_MUSADIQ,journal,Optimal PMU Placement to Enhance Observability in Transmission Networks Using ILP and Degree of Centrality,Energies,2024.0,"Muhammad Musadiq Ahmed, Muhammad Amjad, Muhammad Ali Qureshi, Omer Khan, Zunaib Maqsood Haider",,,,
326,38_MUHAMMAD_MUSADIQ,journal,Novel Multi-Stage Phasor Measurement Unit Placement on Critical Buses with Observability Assessment,Energies,2025.0,"Muhammad Musadiq Ahmed, Muhammad Amjad, Muhammad Ali Qureshi, Omer Khan, Zunaib Maqsood Haider",,,,
327,39_MUHAMMAD_SAQIB,journal,Polarization Reversal Characteristics of Ferroelectric-Schottky Diode Hybrid Structure,,2020.0,"Muhammad Saqib, Shenawar Ali Khan, Sheik Abdur Rahman, Woo Young Kim",,,,
328,39_MUHAMMAD_SAQIB,journal,Temperature-sensing behavior of poly (vinylidene fluoride-trifluoroethylene) film,,2020.0,"Muhammad Saqib, Shenawar Ali Khan, Woo Young Kim",,,,
329,39_MUHAMMAD_SAQIB,journal,High-performance humidity sensor based on the graphene flower/zinc oxide composite,,2021.0,"Muhammad Saqib, Shenawar Ali Khan, Hafiz Mohammad Mutee Ur Rehman, Yunsook Yang, Seongwan Kim, Muhammad Muqeet Rehman, Woo Young Kim",,,,
330,39_MUHAMMAD_SAQIB,journal,Highly efficient and wide range humidity response of biocompatible egg white thin film,,2021.0,"Muhammad Saqib, Shenawar Ali Khan, Maryam Khan, Yunsook Yang, Seongwan Kim, Sheik Abdur Rahman, Woo-Young Kim",,,,
331,39_MUHAMMAD_SAQIB,journal,A full-range flexible and printed humidity sensor based on a solution-processed p (Vdf-trfe)/graphene-flower composite,,2021.0,"Muhammad Saqib, Shenawar Ali Khan, Muhammad Muqeet Rehman, Hafiz Mohammad Mutee Ur Rehman, Sheik Abdur Rahman, Yunsook Yang, Seongwan Kim, Woo-Young Kim",,,,
332,39_MUHAMMAD_SAQIB,journal,Polarization Reversal Characteristics in Capacitors with a Metal/Insulator/Ferroelectric/Metal Structure,,2021.0,"Muhammad Saqib, Sheik Abdur Rahman, Hafiz Mohammad Mutee Ur Rehman, Woo Young Kim",,,,
333,39_MUHAMMAD_SAQIB,journal,All-Printed Flexible Memristor with Metal-Non-Metal-Doped TiO2 Nanoparticle Thin Films,,2022.0,"Muhammad Saqib, Maryam Khan, Hafiz Mohammad Mutee Ur Rehman, Muhammad Muqeet Rehman, Woo-Young Kim",,,,
334,39_MUHAMMAD_SAQIB,journal,Characterization and performance evaluation of fully biocompatible gelatin-based humidity sensor for health and environmental monitoring,,2023.0,"Muhammad Saqib, Shenawar Ali Khan, Muhammad Muqeet Rehman, Woo Young Kim",,,,
335,39_MUHAMMAD_SAQIB,journal,"Wide-Range, Fast-Responsive Humidity Sensor Based on In2Se3/PEDOT:PSS Nanocomposite",,2023.0,"Muhammad Saqib, Shenawar Ali Khan, Maryam Khan, Muhammad Muqeet Rehman, Sheik Abdur Rahman, Woo Young Kim",,,,
336,39_MUHAMMAD_SAQIB,journal,Self-powered humidity sensor driven by triboelectric nanogenerator composed of bio-wasted peanut skin powder,,2024.0,"Muhammad Saqib, Shenawar Ali Khan, Maryam Khan, Shahzad Iqbal, Muhammad Muqeet Rehman, Woo Young Kim",,,,
337,39_MUHAMMAD_SAQIB,journal,"Hierarchically structured porous natural dielectric layer for sustainable pressure sensing, gesture monitoring, and detecting spatial pressure distribution",,2024.0,"Muhammad Saqib, Shenawar Ali Khan, Shahzad Iqbal, Sheik Abdur Rahman, Muhammad Muqeet Rehman, Woo Young Kim",,,,
338,39_MUHAMMAD_SAQIB,journal,"High performance triboelectric nanogenerator based on purified chitin nanopaper for the applications of self-powered humidity sensing, gait monitoring, and hyperhidrosis sensor",,2024.0,"Muhammad Saqib, Shenawar Ali Khan, Shahid Ameen, Muhammad Muqeet Rehman, Maryam Khan, Woo Young Kim",,,,
339,39_MUHAMMAD_SAQIB,journal,"DFT investigation of structural, electronic, optical, mechanical, and thermoelectric properties of halide perovskites XZnCl3(X = Ag, Au, Cu)",,2025.0,"Muhammad Saqib, Abdul Shakoor, Bakhtiar ul Haq, Sikander Azam, Fakhra Ghafoor, Muhammad Waqas, H.W. Seo",,,,
340,39_MUHAMMAD_SAQIB,journal,High Performance Triboelectric Nanogenerator Based on Metal-Organic Framework Composites for IoT-Assisted Wireless Healthcare Monitoring,,2025.0,"Muhammad Saqib, Shahzad Iqbal, Muhammad Muqeet Rehman, Zahir Abbas, Syed Adil Sardar, Yunsook Yang, Woo Young Kim",,,,
341,39_MUHAMMAD_SAQIB,journal,A Sustainable and Flexible Carbon Paper-Based Multifunctional Human-Machine Interface (HMI) Sensor,,2025.0,"Muhammad Saqib, Muhammad Muqeet Rehman, Maryam Khan, Hafiz Mohammad Mutee ur Rehman, Shahzad Iqbal, Sang Seop Lim, Kun Hyun Park, Woo Young Kim",,,,
342,39_MUHAMMAD_SAQIB,journal,2D materials-memristive devices nexus: From status quo to Impending applications,,2025.0,"Muhammad Saqib, Muhammad Muqeet Rehman, Yarjan Abdul Samad, Jahan Zeb Gul, Rayyan Ali Shaukat, Rui Chang, Yijun Shi, Woo Young Kim",,,,
343,39_MUHAMMAD_SAQIB,journal,"Adaptable self-powered humidity sensor based on a highly permeable, hierarchically fibrous, and chaotically textured sustainable biowaste",,2025.0,"Muhammad Saqib, Muhammad Muqeet Rehman, Maryam Khan, Shahzad Iqbal, Ahmed Usman Ali, Ghayas Uddin Siddiqui, Woo Young Kim",,,,
344,40_ABDUR_REHMAN,journal,Design and Evaluation of PM Vernier Machine for Urban Air Mobility Propulsion Applications,IEEE Canadian Journal of Electrical,2025.0,"Abdur Rehman, Jungmoon Kang, Gilsu Choi",,,,
345,40_ABDUR_REHMAN,journal,Centralized Intelligent Home Energy Management System,2017 International Conference on Renewable and Sustainable Energy,2018.0,"Abdur Rehman, Faisal Baig, Yousaf Hameed Khattak, Bernabe Mari, Anzar Mahmood",,,,
346,40_ABDUR_REHMAN,conference,Design and Analysis of a Vernier Motor Considering Series Compensation,IEEE Energy Conversion Congress and Exposition,2020.0,"Abdur Rehman, Byungtaek Kim, Young Hoon Joo",,,,
347,40_ABDUR_REHMAN,conference,Spoke-type PM Vernier as a Promising Candidate for MW-Scale Direct Drive Wind Turbine Applications,International Conference on Power Electronics,2023.0,"Abdur Rehman, Byungtaek Kim",,,,
348,40_ABDUR_REHMAN,conference,Design of a Low-Cost PM Vernier Machine with Improved Electromagnetic Performance,IEEE 21st Biennial Conference on Industrial Electronics,2024.0,"Abdur Rehman, Gilsu Choi",,,,
349,41_MUHAMMAD_AQEEL,conference,Comparative Analysis of Urdu Parts Of Speech Taggers using Machine Learning Techniques,International Multitopic Conference,2020.0,"Muhammad Aqeel, Fawwad Hassan Jaskani, Hafsa Shaikh, Faheem Khuhawar, Muhammad Talha Amin, Muhammad Adeel Azam",,,,
350,41_MUHAMMAD_AQEEL,conference,Facial Emotion Recognition using Deep Learning (FERDL),International Multitopic Conference,2023.0,"Muhammad Aqeel, Hafiz Arslan Ramzan, Ahmed Sohaib, Sadia Ramzan, Tehmina Kalsum",,,,
351,41_MUHAMMAD_AQEEL,journal,Analysis of the MIDAS and OASIS biomedical databases for the application of multimodal image processing,Intelligent Technologies and Applications,2020.0,"Muhammad Aqeel, Muhammad Adeel Azam, Khan Bahadar Khan, Muhammad Nawaz Abbasi",,,,
352,41_MUHAMMAD_AQEEL,journal,Brain tumor localization and segmentation based on Pixel-Based thresholding with morphological operation,Intelligent Technologies and Applications,2020.0,"Muhammad Aqeel, Muhammad Yousuf Khan, Khan Bahadar Khan",,,,
353,41_MUHAMMAD_AQEEL,conference,Detection of Anomaly in Videos Using Convolutional Autoencoder and Generative Adversarial Network model,International Multitopic Conference,2005.0,"Muhammad Aqeel, Muhammad Adeel Azam, Muhammad Hamza Ghouri, Fawwad Hassan Jaskani",,,,
354,41_MUHAMMAD_AQEEL,conference,Lungs nodule cancer detection using statistical techniques,international multitopic conference,2020.0,"Muhammad Aqeel, Waseem Abbas, Muhammad Adeel Azam, Muhammad Hamza Ghouri, Fawwad Hassan Jaskani",,,,
355,41_MUHAMMAD_AQEEL,journal,Real-Time Apple Disease Detection and Classification Using Hybrid CNN Model,International Journal of Advanced N,2024.0,"Muhammad Aqeel, Muhammad Aqeel, Muhammad Iqbal, Ahmed Sohaib, Badarul Islam Ahmed Zaheer",,,,
356,41_MUHAMMAD_AQEEL,journal,Web-Based method to connect organizations and IT people using iterative model,International Journal of Information,2023.0,"Muhammad Aqeel, Muhammad Aqeel, Muhammad Imtiaz, Muhammad Sikander Shahbaz",,,,
357,41_MUHAMMAD_AQEEL,journal,Real-Time Health Monitoring Smart System for Cardiac Patients using Internet of Things (IoT),International Journal of Electrical,2023.0,"Muhammad Aqeel, Hammad Shahab, Muhammad Aqeel, Hussain Mahmood Sargana, Muhammad Sikander Shahbaz",,,,
358,41_MUHAMMAD_AQEEL,journal,Intelligent Smart Energy Meter Reading System Using Global System for Mobile Communication,International Journal of Intelligen,2023.0,"Muhammad Aqeel, Hammad Shahab, Muhammad Aqeel, Muhammad Naeem, Muhammad Sikander Shahbaz",,,,
359,41_MUHAMMAD_AQEEL,journal,Recent trends in cloud computing and IoT platforms for it management and development: a review,Pakistan Journal of Engineering and,2023.0,"Muhammad Aqeel, Faizan Qaisar, Hammad Shahab, Muhammad Iqbal, Hussain Mahmood Sargana",,,,
360,41_MUHAMMAD_AQEEL,journal,IoT-Driven Smart Agricultural Technology for Real-Time Soil and Crop Optimization,Smart Agricultural Technology,2025.0,"Muhammad Aqeel, Hammad Shahab, Muhammad Aqeel, Muhammad Naeem, Muhammad Iqbal",,,,
361,41_MUHAMMAD_AQEEL,journal,Milk adulteration identification using hyperspectral imaging and machine learning,Journal of Dairy Science,2025.0,"Muhammad Aqeel, Ahmed Sohaib, Muhammad Iqbal, Syed Sajid Ullah",,,,
362,41_MUHAMMAD_AQEEL,journal,Hyperspectral Identification of Milk Adulteration using Advance Deep Learning,IEEE Access,2024.0,"Muhammad Aqeel, Ahmad Sohaib, Muhammad Iqbal, Syed Sajid Ullah",,,,
363,41_MUHAMMAD_AQEEL,journal,Hyperspectral identification of oil adulteration using machine learning techniques,Current Research in Food S,2024.0,"Muhammad Aqeel, Ahmad Sohaib, Muhammad Iqbal, Hafeez Ur Rehman, Furqan Rustam",,,,
364,43_AMMARA_NASIM,journal,Investigating 3D Echocardiography Image Fusion for Improving Image Quality,3rd IEEE International Conference,2013.0,"Ammara Nasim, Aisha Gul Hafeez, Kashif Rajpoot, Muhammad Shahzad",,,,
365,43_AMMARA_NASIM,journal,Contrast 3D Echocardiographic Segmentation by image inversion,17th IEEE International Multi Topic Conference,2014.0,"Ammara Nasim, Muhammad Qamar, Kashif Rajpoot",,,,
366,43_AMMARA_NASIM,journal,Review of OCT and Fundus images for detecting Macular Edema,IEEE International Conference,2015.0,"Taimur Hassan, M. Usman Akram, Bilal Hassan, Ammara Nasim, Shafaat Ahmed Bazaz",,,,
367,43_AMMARA_NASIM,journal,Fully automated identification of heart sounds for the analysis of cardiovascular pathology,Future Information and Communication Technology,2018.0,"Taimur Hassan, Sidra Ghafoor, Ammara Nasim",,,,
368,43_AMMARA_NASIM,journal,Automated identification colorectal gland sparsity from benign images,International Conference on Image Processing,2017.0,"Ammara Nasim, Taimur Hassan, M. Usman Akram, Bilal Hassan, Muhammad Ali Shami",,,,
369,43_AMMARA_NASIM,journal,Mitosis detection in breast cancer by inference of segmentation and bag of features,International Conference on Computer Vision,2017.0,"Mobeen-ur-Rahman, Farrukh Javed Gill, Ammara Nasim, Imran Farid Nizami",,,,
370,43_AMMARA_NASIM,journal,Automated diagnosis of retinal Edema from optical coherence tomography images,International Conference on Computer Vision,2018.0,"Abdul Wahab Arif, Ammara Nasim, Adeel M Syed, Taimur Hassan",,,,
371,43_AMMARA_NASIM,journal,Automated Gland Segmentation Leading to Cancer Detection for Colorectal Biopsy Images,Future of Information and Communication Technology,2019.0,"Fawad Hussain Naqvi, Salahuddin Ayubi, Ammara Nasim, Zeeshan Zafar",,,,
372,43_AMMARA_NASIM,journal,Development of EMD-based framework for modelling the effects of chiropractic care,20th International Conference on Bhurban,2024.0,"Aitzaz Saleem, Maheen Khalid, Hassan Kazmi, Ammara Nasim",,,,
373,43_AMMARA_NASIM,journal,A Robust Semantic Segmentation Framework for Baggage Threat Detection,International Conference on Computer Vision,2025.0,"Saad Mazhar Khan, Muhammad Usman Akram, Anum Abdul Salam, Ammara Nasim",,,,
374,43_AMMARA_NASIM,journal,Incremental Instance Segmentation for Cluttered Baggage Threat Detection,IEEE International Conference,2023.0,"Ammara Nasim, Divya Velayudhan, Abdelfatah Hassan, Ahmed, Taimur Hassan, Samet Akcay, Muhammad Usman Akram, Naoufel Werghi",,,,
375,43_AMMARA_NASIM,journal,A Cross-domain Vision Transformer Based Framework for Baggage Threat Classification,16th International Conference,2024.0,"Ammara Nasim, Zawar Khan , Taimur Hassan , Soyiba Jawed , Muhammad Usman Akram , Jahan Zeb",,,,
376,43_AMMARA_NASIM,journal,A Cross-Domain Threat Screening and Localization Framework Using Vision Transformers and Self-supervised Learning,14th International Conference,2024.0,"Ammara Nasim, Muhammad Usman Akram, Muhammad Belal Afsar khan, Asad Mansoor Khan, Taimur Hassan",,,,
377,43_AMMARA_NASIM,journal,"Fully automated robust system to detect retinal edema, central serous chorioretinopathy and age-related macular degeneration from optical coherence tomography images",BioMed Research International,2017.0,"Samina Khalid, M. Usman Akram, Taimur Hassan, Ammara Nasim, Amina Jameel",,,,
378,43_AMMARA_NASIM,journal,No-reference image quality assessment using bag-of-features with feature selection,Multimedia Tools and Applications,2020.0,"Imran Fareed Nizami, Muhammad Majid, Mobeen ur Rehman, Syed Muhammad Anwar, Ammara Nasim & Khawar Khurshid",,,,
379,43_AMMARA_NASIM,journal,Class and Data-Incremental Learning Framework for Baggage Threat Segmentation via Knowledge Distillation,IEEE Acess,2025.0,"Ammara Nasim, Saad Mazhar Khan, Anum Abdus Salam, Arslan Shaukat, Taimur Hassan, Adeel M. Syed, And Muhammad Usman Akram",,,,
380,43_AMMARA_NASIM,journal,Regressor Driven Incremental Instance Segmentation for Contraband Items Identification,Engineering Applications of Artificial Intelligence,2025.0,"Ammara Nasim, Mahboob Anwar, Muhammad Owais, Samet Akcay, Divya Velayudhan, Muhammad Usman Akram, Mohammed Ghazal, Naoufel Werghi, Taimur Hassan",,,,
381,09_SANA_FATIMA_RIZVI,journal,Transformer-Based Sentiment Analysis for Low-Resource Urdu Text,IEEE Access,2024.0,"Sana Fatima Rizvi, Ahmad Raza, Bilal Yousaf",,,,
382,09_SANA_FATIMA_RIZVI,journal,A Federated Learning Framework for Privacy-Preserving Healthcare Diagnostics,Scientific Reports,2023.0,"Sana Fatima Rizvi, Ahmad Raza, ...",,,,
383,09_SANA_FATIMA_RIZVI,journal,Deep Learning Approaches for Crop Disease Detection in Punjab Informatics & Biomedical,Journal of Computing,2022.0,"Sana Fatima Rizvi, Hina Malik, Ahmad Raza, ...",,,,
384,Muhammad_Dawood_Rizwan_CV,,"Large Language Models in Clinical Reasoning: Capabilities, Challenges, and the Future of AI-Assisted Healthcare",Journal of Healthcare Informatics Research,,,,,,
385,Muhammad_Dawood_Rizwan_CV,,Bridging Performance and Efficiency: Distilling Vision Transformers for Remote Sensing,2025 5th International Conference on Digital Futures and Transformative Technologies (ICoDT2),2025,,,,,
386,Muhammad_Dawood_Rizwan_CV,,From Segmentation to Structured Reports: Auditable Continual Learning for Automation in Medical Imaging Diagnostics,2026 International Conference on Robotics and Automation in Industry (ICRAI),2026,,,,,
387,Muhammad_Dawood_Rizwan_CV,,HunarmandAI: A Bilingual Intelligent Diagnostic Interface for Smart Vehicles and Industrial Mechatronic Systems,2026 International Conference on Robotics and Automation in Industry (ICRAI),2026,,,,,
388,Muhammad_Dawood_Rizwan_CV,,XMedFusion: A Knowledge-Guided Multimodal Perception and Reasoning Framework for Autonomous Medical Systems,2026 International Conference on Robotics and Automation in Industry (ICRAI),2026,,,,,
389,Muhammad_Dawood_Rizwan_CV,,MedLingo: Resource-Efficient Hierarchical Multi-Agent Intelligence for Autonomous Clinical and Robotic Diagnostics,2026 International Conference on Robotics and Automation in Industry (ICRAI),2026,,,,,
