candidate_id,title,venue_original,venue_resolved,venue_reconstructed,year,authors,doi,core_rank,edition_number,maturity_flag,indexed_in,candidate_role,quality_label,data_quality_flags
01_MUHAMMAD_SALMAN,Enhancing Energy Efficiency in WSNs with Hybrid LEACH-D and ANN,international Conference,international Conference,False,2024.0,"Muhammad Salman Qamar, Ihsan ul Haq, Muhammad Fahad Munir, Mardeni Bin Roslee, Adnan Anwar Awan, Athar Waseem",,,,False,,First Author,Low / Unranked,MISSING_VENUE | MISSING_DOI
04_MUHAMMAD_FARRUKH,Design and development of a soft robotic gripper for precision control for biomedical applications,International Conference on En,International Conference on Engineering,True,2024.0,Mohammad Qasim Shahid; Faisal Amin; Ahmad Abdullah Haris; Hussain Al Faisal; Ali Imran; Muhammad Farrukh Qureshi,,Cannot Verify,,False,,Corresponding Author (heuristic),Low / Unranked,MISSING_DOI
04_MUHAMMAD_FARRUKH,Real-time weed segmentation in tobacco crops utilizing deep learning on a jetson nano,International Conference on En,International Conference on Engineering,True,2024.0,Muhammad Farrukh Qureshi; Faisal Amin; Zohaib Mushtaq; Muhammad Ali; Ahmad Abdullah Haris; Aira Younas Rana,,Cannot Verify,,False,,First Author,Low / Unranked,MISSING_DOI
04_MUHAMMAD_FARRUKH,Deep learning-based classification of wheat leaf diseases for edge devices,2nd International Conference o,2nd International Conference on Computer Vision and Image Processing,True,2023.0,Aqeel Ahmed Khan; Sabtain Raza; Muhammad Farrukh Qureshi; Zohaib Mushtaq; Muhammad Taha; Faisal Amin,,Cannot Verify,2.0,True,,Co-Author,Low / Unranked,MISSING_DOI | IMMATURE_CONFERENCE_EDITION_2
04_MUHAMMAD_FARRUKH,Leveraging training strategies of artificial neural network for classification of multiday electromyography signals,International Conference on Em,International Conference on Electromyography and Signal Processing,True,2022.0,Muhammad Akmal; Sohail Khalid; Mehwish Moiz; Muhammad Jamshed Abbass; Muhammad Farrukh Qureshi; Zohaib Mushtaq,,Cannot Verify,,False,,Co-Author,Low / Unranked,MISSING_DOI
04_MUHAMMAD_FARRUKH,Estimation of Real-Time Wheeled Mobile Robot (Differential Drive) Motion & Pose with Obstacle Avoidance,19th International Bhurban Con,19th International Bhurban Conference on Applied Sciences and Technology,True,2022.0,Zohaib Mushtaq; Muhammad Farrukh Qureshi; Adil Zohaib; Muhammad Akmal,,Cannot Verify,19.0,False,,Co-Author,Low / Unranked,MISSING_DOI
04_MUHAMMAD_FARRUKH,SVM-based real-time classification of prosthetic fingers using myo armband-acquired electromyography data,IEEE 21st international confer,IEEE 21st international confer,False,2021.0,Akmal; Muhammad Farrukh Qureshi; Faisal Amin; Muhammad Zia Ur Rehman; Imran Niazi,,Cannot Verify,21.0,False,IEEE Xplore,Co-Author,Low / Unranked (Indexed),MISSING_DOI
04_MUHAMMAD_FARRUKH,Spectral processing of self-mixing interferometric signal phase for improved vibration sensing under weak-and moderate-feedback regime,IEEE Sensors Journal,IEEE Sensors Journal,False,2019.0,Zabit; Usman; Bernal; Olivier D; Amin; Saqib; Muhammad Farrukh Qureshi; Khawaja; Arsalan Habib; Bosch; Thierry,,A,,False,IEEE Xplore,Co-Author,High (A),MISSING_DOI
04_MUHAMMAD_FARRUKH,Android based Internet accessible infant incubator,8th International Conference o,8th International Conference o,False,2019.0,Inam; Shehla; Muhammad Farrukh Qureshi; Faisal Amin; Akmal; Muhammad; Rehman; Muhammad Ziaur,,Cannot Verify,8.0,False,,Co-Author,Low / Unranked,MISSING_DOI
05_MUHAMMAD_MAJID,Reinforcement learning based techniques for radar anti-jamming,,nan,False,2021.0,"muhammad majid aziz, ARM Maud, A Habib",,Cannot Verify,,False,,First Author,Low / Unranked,MISSING_VENUE | MISSING_DOI
07_FIZA_MURTAZA,Multi-view human action recognition using 2D motion templates based on MHIs and their HOG description,IET Computer Vision,IET Computer Vision,False,2016.0,"Fiza Murtaza, Muhammad Haroon Yousaf, Sergio A. Velastin",,B,,False,,First Author,Moderate (B),MISSING_DOI
07_FIZA_MURTAZA,Plant Species Identification using Discriminant Bag of Words (DBoW),15th International Conference on Co,15th International Conference on Computer Vision,True,2020.0,"Fiza Murtaza, Umber Saba, Muhammad Haroon Yousaf, Serestina Viriri",,Cannot Verify,15.0,False,,First Author,Low / Unranked,MISSING_DOI
07_FIZA_MURTAZA,DA-VLAD: Discriminative Action Vector of Locally Aggregated Descriptors for Action Recognition,25th IEEE International Conference,25th IEEE International Conference,False,2018.0,"Fiza Murtaza, Muhammad Haroon Yousaf, Sergio A. Velastin",,Cannot Verify,25.0,False,IEEE Xplore,First Author,Low / Unranked (Indexed),MISSING_DOI
07_FIZA_MURTAZA,Computer vision based detection and localization of potholes in asphalt pavement images,2016 IEEE Canadian Conference on Electrical and Computer Engineering,2016 IEEE Canadian Conference on Electrical and Computer Engineering,False,2016.0,"Fiza Murtaza, Kanza Azhar, Muhammad Haroon Yousaf, Hafiz Adnan Habib",,B,,False,IEEE Xplore,First Author,Moderate (B),MISSING_DOI
07_FIZA_MURTAZA,Multi-view human action recognition using histograms of oriented gradients (HOG) description of motion history images (MHIs),13th IEEE International Conference,13th IEEE International Conference,False,2015.0,"Fiza Murtaza, Muhammad Haroon Yousaf, Sergio A. Velastin",,A,13.0,False,IEEE Xplore,First Author,High (A),MISSING_DOI
12_SYED_TAMOORULHASSAN,Techno-Economic Analysis of Visible Light Communications,IEEE International Symposium on Wireless Communication,IEEE International Symposium on Wireless Communication,False,2013.0,"H. Chowdhury, H. Bagheri, M. Ikram, Ashraf, S. Tamoor-ul-Hassan, Marcos Katz",,Cannot Verify,,False,IEEE Xplore,Co-Author,Low / Unranked (Indexed),MISSING_DOI
12_SYED_TAMOORULHASSAN,Device-to-device assisted mobile cloud framework for 5G networks,IEEE 14th International Conference,IEEE 14th International Conference,False,2016.0,"Muhammad Ikram, Ashraf, Syed Tamoor-ul-Hassan, Shahid Mumtaz, Kim Fung Tsang, Jonathan Rodriquez",,Cannot Verify,14.0,False,IEEE Xplore,Co-Author,Low / Unranked (Indexed),MISSING_DOI
12_SYED_TAMOORULHASSAN,Modeling and Analysis of Content Caching in Wireless Small Cell Networks,IEEE International Symposium on Wireless Communication,IEEE International Symposium on Wireless Communication,False,2015.0,"S. Tamoor-ul-Hassan, M. Bennis, P. H. J. Nardelli, M. Latva-aho",,Cannot Verify,,False,IEEE Xplore,First Author,Low / Unranked (Indexed),MISSING_DOI
12_SYED_TAMOORULHASSAN,Mobile Cloud based architecture for Device-to-Device Communication Underlying Cellular Network,IEEE IFIP Wireless Days,IEEE IFIP Wireless Days,False,2013.0,"S. Tamoor-ul-Hassan, M. Ikram Ashraf, Marcos D. Katz",,Cannot Verify,,False,IEEE Xplore,First Author,Low / Unranked (Indexed),MISSING_DOI
13_MANZOOR_ELLAHI,A scheme for transfer of load between HVDC and HVAC Link,,nan,False,2022.0,"Waheed Aftab Khan, Hafiz Fuad Usman, Ali Raza, Syed Khurram Abbas, Adnan Yousaf, Manzoor Ellahi",,Cannot Verify,,False,,Corresponding Author (heuristic),Low / Unranked,MISSING_VENUE | MISSING_DOI
13_MANZOOR_ELLAHI,IoT based health supervision of energy storage system,,nan,False,2022.0,"Manzoor Ellahi, Muhammad Numan Khan, Muhammad Waqar Hassan, Hafiz Fuad Usman, Ali Raza, Waheed Aftab Khan",,Cannot Verify,,False,,First Author,Low / Unranked,MISSING_VENUE | MISSING_DOI
13_MANZOOR_ELLAHI,An Overview on Switching to Renewable Energy Resources in Pakistan for Sustainable Future: Its Challenges and Policy Recommendations,,nan,False,2024.0,"Adnan Yousaf, Qaiser Nadeem, Jannat Bakht, Manzoor Ellahi, Shafaqut Ali",,Cannot Verify,,False,,Co-Author,Low / Unranked,MISSING_VENUE | MISSING_DOI
13_MANZOOR_ELLAHI,Advancing Wearables: Dual-Band Antenna Design with High Permittivity Miniaturization using Natural Substrate,,nan,False,2024.0,"Samra Arshad, Saif Ur Rehman, Muhammad Ibrar, Manzoor Ellahi",,Cannot Verify,,False,,Corresponding Author (heuristic),Low / Unranked,MISSING_VENUE | MISSING_DOI
13_MANZOOR_ELLAHI,Experimental study on lightning discharge attachment to the modern wind turbine blade with lightning protection system,,nan,False,2017.0,"Waqas Arif, Qingmin Li, Zixin Guo, Manzoor Ellahi, Guozheng Wang, Wah Hoon Siew",,Cannot Verify,,False,,Co-Author,Low / Unranked,MISSING_VENUE | MISSING_DOI
13_MANZOOR_ELLAHI,Faults detection and classification of HVDC transmission lines of using discrete wavelet transform,,nan,False,2018.0,"Umar Saleem, Usman Arshad, Bilal Masood, Talha Gul, Waheed Aftab Khan, Manzoor Ellahi",,Cannot Verify,,False,,Corresponding Author (heuristic),Low / Unranked,MISSING_VENUE | MISSING_DOI
13_MANZOOR_ELLAHI,Design of interruption process for HVDC system using vacuum circuit breaker based on virtual current zero,,nan,False,2017.0,"Ali Raza, Waheed Aftab Khan, Manzoor Ellahi, Bilal Masood",,Cannot Verify,,False,,Co-Author,Low / Unranked,MISSING_VENUE | MISSING_DOI
13_MANZOOR_ELLAHI,Major Prospects of Wind Energy in Pakistan,,nan,False,2020.0,"Z Ullah, SM Ali, I Khan, F Wahab, M Ellahi, B Khan",,Cannot Verify,,False,,Co-Author,Low / Unranked,MISSING_VENUE | MISSING_DOI
13_MANZOOR_ELLAHI,Design of smart cooling system for power transformer,,nan,False,2018.0,"Waheed Aftab Khan, Manzoor Ellahi, Bilal Masood, Fuad Usman, Ghulam Abbass",,Cannot Verify,,False,,Co-Author,Low / Unranked,MISSING_VENUE | MISSING_DOI
13_MANZOOR_ELLAHI,"Dynamic Modeling, Control and Power Management in a Grid-Integrated PV/SOFC/SC based Hybrid Power System",,nan,False,2021.0,"H. F. Usman, W.A. Khan, S. Hamid, M. Ellahi, A. Yousaf",,Cannot Verify,,False,,Unknown,Low / Unranked,MISSING_VENUE | MISSING_DOI | AUTHORSHIP_UNDETECTABLE
14_SAROSH_TAHIR,Enabling PUF-based Authentication in QKD Networks,International Conference,International Conference,False,2025.0,"S. Tahir, S. Civelli, M. Ferrari, L. Potì, E. Paolini, P. Nadimi Goki, M. Brunero, A. Gatto, N. Andriolli, A. Giorgetti",,,,False,,Unknown,Low / Unranked,MISSING_VENUE | MISSING_DOI | AUTHORSHIP_UNDETECTABLE
14_SAROSH_TAHIR,A Blocking Probability Study for the Aethereal Network-on-Chip,International Conference,International Conference,False,2016.0,"S. Tahir, G. Marchetto, M. Grosso",,,,False,,Unknown,Low / Unranked,MISSING_VENUE | MISSING_DOI | AUTHORSHIP_UNDETECTABLE
14_SAROSH_TAHIR,Impact of Fiber Type and Raman Pumping in NyWDM Flexible-grid Elastic Optical Networks,IEEE International Conference on Transparent Optical Networks,IEEE International Conference on Transparent Optical Networks,False,2016.0,"S. Tahir, A. Ahmad, A. Bianco, H. Chouman, V. Curri, G. Marchetto",,Cannot Verify,,False,IEEE Xplore,Unknown,Low / Unranked (Indexed),MISSING_DOI | AUTHORSHIP_UNDETECTABLE
14_SAROSH_TAHIR,Exploiting Transmission Level Potentialities in Logical Topology Design of Flexible-Grid Optical Networks,IEEE International Conference on Communications,IEEE International Conference on Communications,False,2016.0,"S. Tahir, A. Ahmad, A. Bianco, H. Chouman, V. Curri, G. Marchetto",,Cannot Verify,,False,IEEE Xplore,Unknown,Low / Unranked (Indexed),MISSING_DOI | AUTHORSHIP_UNDETECTABLE
14_SAROSH_TAHIR,Impact of Fiber Types and Raman Pumping in Reconfigurable DWDM Transparent Optical Networks,European Conference and Exhibition,European Conference and Exhibition,False,2015.0,"S. Tahir, A. Ahmad, A. Bianco, H. Chouman, V. Curri, D. DeTommaso, G. Marchetto",,Cannot Verify,,False,,Unknown,Low / Unranked,MISSING_DOI | AUTHORSHIP_UNDETECTABLE
14_SAROSH_TAHIR,On the Importance of the Detailed Transmission Layer Modelling in Optical Network Design,Italian National Conference on Phot,Italian National Conference on Phot,False,2015.0,"S. Tahir, A. Ahmad, A. Bianco, H. Chouman, V. Curri, G. Marchetto",,Cannot Verify,,False,,Unknown,Low / Unranked,MISSING_DOI | AUTHORSHIP_UNDETECTABLE
14_SAROSH_TAHIR,A Transmission Layer Aware Network Design for Fixed and Flexible Grid Optical Networks,IEEE International Conference on Transparent Optical Networks,IEEE International Conference on Transparent Optical Networks,False,2015.0,"S. Tahir, A. Ahmad, A. Bianco, H. Chouman, V. Curri, G. Marchetto",,Cannot Verify,,False,IEEE Xplore,Unknown,Low / Unranked (Indexed),MISSING_DOI | AUTHORSHIP_UNDETECTABLE
14_SAROSH_TAHIR,Exploring the Effects of Physical Layer Parameters in WDM based Fixed and Flexible-Grid Networks,IEEE-IFIP International Conference,IEEE-IFIP International Conference,False,2015.0,"S. Tahir, A. Ahmad, A. Bianco, H. Chouman, V. Curri, G. Marchetto",,Cannot Verify,,False,IEEE Xplore,Unknown,Low / Unranked (Indexed),MISSING_DOI | AUTHORSHIP_UNDETECTABLE
16_MUZZAMIL_GHAFFAR,Reducing the Environmental Impact of School Buildings Through Better Design: A Case Study in Pakistan,European Conference on Sustainability,European Conference on Sustainability,False,2018.0,"Muzzamil Ghaffar, Shakil Rehman, Sheikh, Nouman, Ghafoor, Atiq ur Rehman",,Cannot Verify,,False,,First Author,Low / Unranked,MISSING_DOI
16_MUZZAMIL_GHAFFAR,Electrical energy management of building using fuzzy control,International Conference on Ro,International Conference on Robotics and Automation,True,2019.0,"Muzzamil Ghaffar, Shakil R Sheikh, Noman Naseer, Muhammad Naved, Umair Aziz, Zafar Ullah Koreshi",,A,,False,,First Author,High (A),MISSING_DOI
16_MUZZAMIL_GHAFFAR,Assistive Smart Home Environment using Head Gestures and EEG Eye Blink Control Schemes,International Conference on Ar,International Conference on Artificial Intelligence,True,2021.0,"Muzzamil Ghaffar, Shakil R Sheikh, Noman Naseer, Fraz, Ahmed",,A,,False,,First Author,High (A),MISSING_DOI
18_MUHAMMAD_AMJAD,Habitat types mapping using remote sensing techniques in Cyprus,Eleventh International Conference,Eleventh International Conference,False,2025.0,"Muhammad Amjad Iqbal, Eleftheria Kalogirou, Despina Makri",,Cannot Verify,,False,,First Author,Low / Unranked,MISSING_DOI
18_MUHAMMAD_AMJAD,Comparison of Novel and Classical AI Techniques for SAR Oil Spill Detection,International Conference on Machine,International Conference on Machine,False,2025.0,"Muhammad Amjad Iqbal, Iqbal, Eleftheria Kalogirou, Despina Makri",,Cannot Verify,,False,,First Author,Low / Unranked,MISSING_DOI
18_MUHAMMAD_AMJAD,CFAR-based automatic ship detection exploiting polarimetric correlation descriptors,Eleventh International Conference,Eleventh International Conference,False,2025.0,"Muhammad Amjad Iqbal, E. Kalogirou, D. Makri, C. Mettas, M. Tzouvaras, D. G. Hadjimitsis",,Cannot Verify,,False,,First Author,Low / Unranked,MISSING_DOI
18_MUHAMMAD_AMJAD,Accelerating ocean currents analysis: tiling-based parallel computing for SAR imagery,Eleventh International Conference,Eleventh International Conference,False,2025.0,"Muhammad Amjad Iqbal, E. Kalogirou, D. Makri, C. Mettas, M. Tzouvaras, D. G. Hadjimitsis",,Cannot Verify,,False,,First Author,Low / Unranked,MISSING_DOI
18_MUHAMMAD_AMJAD,Active Microwave Sensors for Vegetation Water Content Estimation,2024 IEEE International,2024 IEEE International,False,2024.0,"Samiullah Yousaf, Muhammad Amjad Iqbal, Andrea Buono, Ferdinando Nunziata, Maurizio Migliaccio",,Cannot Verify,,False,IEEE Xplore,Co-Author,Low / Unranked (Indexed),MISSING_DOI
18_MUHAMMAD_AMJAD,Validation of Reported Strong Currents in Mamaia Bay (Black Sea) Using Sentinel-1 SAR Data,MetroSea2024,MetroSea2024,False,2024.0,"Muhammad Amjad Iqbal, Andrei Anghel, Mihai Datcu",,Cannot Verify,,False,,First Author,Low / Unranked,MISSING_DOI
18_MUHAMMAD_AMJAD,Coarse-to-fine Estimation: Compressive Sensing for High-Resolution Inverse SAR Imaging,EuSAR 2024,EuSAR 2024,False,2024.0,"Muhammad Amjad Iqbal, Miguel Heredia Conde, Andrei Anghel, Mihai Datcu",,Cannot Verify,,False,,First Author,Low / Unranked,MISSING_DOI
18_MUHAMMAD_AMJAD,Towards Complex-Valued Deep Architectures with Data Model Preservation for Sea Surface Current Estimation from SAR Data,CBMI 2023,CBMI 2023,False,2023.0,"Muhammad Amjad Iqbal, Reza Mohammadi, Omid Ghozatlou, Andrei Anghel, Mihai Datcu",,Cannot Verify,,False,,First Author,Low / Unranked,MISSING_DOI
19_ASIM_MASOOD,Information theory based redundancy and independent component analysis,Proceedings of the 1.00,Proceedings of the 1.00,False,2008.0,"A. Masood, A K Nandi",,Cannot Verify,,False,,First Author,Low / Unranked,MISSING_DOI
19_ASIM_MASOOD,Independent Component Analysis based speech separation using geometric kth nearest neighbor entropy estimator,IEEE 5th International Conference,IEEE 5th International Conference,False,2020.0,"A. Masood, Z. Ye",,A,5.0,False,IEEE Xplore,First Author,High (A),MISSING_DOI
19_ASIM_MASOOD,Independent Vector Analysis based Convolutive Speech Separation by Estimating Entropy using Recursive Copula Splitting,15th IEEE International Conference,15th IEEE International Conference,False,2020.0,"A. Masood, R. Tong, M. Shakeel and Z.Ye",,A,15.0,False,IEEE Xplore,First Author,High (A),MISSING_DOI
20_SYED_FASIH_ALI,Latency Analysis of an RF Energy Harvesting System with a Backscatter Symbiotic Radio,IEEE Wireless communication and net,IEEE Wireless Communications and Networking Conference,True,2024.0,"Syed Fasih Ali Gardazi, Momin Uppal, Jawwad Nasar, Chattha",,A,,False,IEEE Xplore,First Author,High (A),MISSING_DOI
21_SAMAN_FATIMA,A CMOS readout circuit for a low shunt resistance IR photo-detector,IEEE International Conference on El,IEEE International Conference on Electron Devices,True,2023.0,Saman Fatima; Emilie Avignon; Meseldzija; Caroline Lelandais-Perrault; Mohamed Ben Chouikha; Philippe Bénabès,,Unranked,,False,IEEE Xplore,First Author,Low / Unranked (Indexed),MISSING_DOI
22_ZEESHAN,Multi-Factor Trust Management in Distributed Storage Networks based on Capacity and Behavior,9th International Conference,9th International Conference,False,2024.0,Ibe Van Thillo; Zeeshan Hameed; Ibe Van Thillo; Zeeshan Hameed; Claus Pahl,,Cannot Verify,9.0,False,,Co-Author,Low / Unranked,MISSING_DOI
22_ZEESHAN,Robust-DSN - Performance and Fault Tolerance of a Distributed Storage Network,Eighth International Conference,Eighth International Conference,False,2023.0,Zeeshan Hameed; Hamid R. Barzegar; Nabil El Ioini; Claus Pahl,,Cannot Verify,,False,,First Author,Low / Unranked,MISSING_DOI
23_WAQAS_TARIQ_TOOR,Enhancing early detection of diabetes using machine learning algorithms,1st International Conference,1st International Conference,False,2024.0,"Atiqa Saeed, Hafiz Muhammad Salman Ajmal, Muhammad Umair Ahmad Khan, Waqas Tariq Toor",,Cannot Verify,1.0,True,,Corresponding Author (heuristic),Low / Unranked,MISSING_DOI | IMMATURE_CONFERENCE_EDITION_1
23_WAQAS_TARIQ_TOOR,Machine Learning Based Early Detection for Brain Stroke,Horizons of Information Technology,Horizons of Information Technology,False,2024.0,"Abdullah Khan, Waqas Tariq Toor, Sherazi, Nimra Saleem",,Cannot Verify,,False,,Co-Author,Low / Unranked,MISSING_DOI
23_WAQAS_TARIQ_TOOR,"A Comparative Study of DenseNet121, VGG16, and Custom CNNs for Brain Tumor Classification using MRI Images",3rd International Conference,3rd International Conference,False,2024.0,"Muhammad Masab, Waqas Tariq Toor, Zohaib Rafi, Mujeeb Ur Rehman",,Cannot Verify,3.0,False,,Co-Author,Low / Unranked,MISSING_DOI
23_WAQAS_TARIQ_TOOR,Mutually Guided Image Dehazing,International Conference on Em,International Conference on Electromyography and Signal Processing,True,2022.0,"Usman Ali, Waqas Tariq Toor",,Cannot Verify,,False,,Co-Author,Low / Unranked,MISSING_DOI
23_WAQAS_TARIQ_TOOR,Online control of random access with splitting,Proceedings of the Twenty-First International Conference,Proceedings of the Twenty-First International Conference,False,2020.0,"Waqas Tariq Toor, Jun-Bae Seo, Hu Jin",,Cannot Verify,,False,,First Author,Low / Unranked,MISSING_DOI
23_WAQAS_TARIQ_TOOR,Detection of Parkinson's Disease from Voice Signals Using Explainable Artificial Intelligence,3rd International Conference,3rd International Conference,False,2024.0,"Adeel Mukhtar, Waqas Tariq Toor, Saddique Khalid, Muhammad Shoaib, Akhtar",,Cannot Verify,3.0,False,,Co-Author,Low / Unranked,MISSING_DOI
23_WAQAS_TARIQ_TOOR,Tuberculosis detection in chest X-rays using hybrid deep learning models,3rd International Conference,3rd International Conference,False,2024.0,"Anees Ur Rehman, Waqas Tariq Toor, Toseeq Haider Bajwa, Umair Bajwa",,Cannot Verify,3.0,False,,Co-Author,Low / Unranked,MISSING_DOI
23_WAQAS_TARIQ_TOOR,Hybrid Deep Learning for Blood Cancer Detection: A CNN-GCN Approach for Enhanced Diagnostic Accuracy,International Conference on Em,International Conference on Electromyography and Signal Processing,True,2025.0,"Abdul Rehan, Waqas Tariq Toor, Adeel Mukhtar, Hunain Zaidi, Zain Ul Abidin",,Cannot Verify,,False,,Co-Author,Low / Unranked,MISSING_DOI
23_WAQAS_TARIQ_TOOR,IoT-Driven Battery Health Management and Tracking for Eco-friendly and Efficient Electric Transportation,International Conference on Em,International Conference on Electromyography and Signal Processing,True,2025.0,"Maania Jabbar, Waqas Tariq Toor, Farah Khalid, Muhammad Farhan, Arshad",,Cannot Verify,,False,,Co-Author,Low / Unranked,MISSING_DOI
24_AHMED_NAEEM,Blind Signal Analysis-Wireless Communication Signals: A L,Wireless Communication Signals,Wireless Communication Signals,False,2021.0,"Mehmet Ali Aygul, Ahmed Naeem, Huseyin Arslan",,Cannot Verify,,False,,Co-Author,Low / Unranked,MISSING_DOI
24_AHMED_NAEEM,Fall Detection using Accelerometer Calibration,15th International Conference on Em,"15th International Conference on Emerging Trends in Engineering, Science and Technology",True,2019.0,"Ahmed Naeem, S. Khan",,Cannot Verify,15.0,False,,First Author,Low / Unranked,MISSING_DOI
24_AHMED_NAEEM,Joint Radar and Communication based Blind Signal Separation using a New Non-Linear Function for Fast-ICA,2021 IEEE 94th Vehicular Technology,2021 IEEE 94th Vehicular Technology,False,2021.0,"Ahmed Naeem, H. Arslan",,A,94.0,False,IEEE Xplore,First Author,High (A),MISSING_DOI
24_AHMED_NAEEM,A Novel Frame Design for Non-Terrestrial Network Based Integrated Sensing and Communication,IEEE 33rd Annual International Symp,IEEE 33rd Annual International Symp,False,2022.0,"Ahmed Naeem, S. Rafique and H. Arslan",,A,33.0,False,IEEE Xplore,First Author,High (A),MISSING_DOI
25_MUHAMMAD_ADEEL_ALTAF,A Multimodal Framework for MODT Using Enhanced Correlation-Based Affinity Metrics in Autonomous Driving,The 7th International Conference on Artificial Intelligence in Information and Communication,The 7th International Conference on Artificial Intelligence in Information and Communication,False,2025.0,"MUHAMMAD ADEEL ALTAF, Min Young Kim",,Cannot Verify,7.0,False,,First Author,Low / Unranked,MISSING_DOI
25_MUHAMMAD_ADEEL_ALTAF,Multi-Modal Integration of 2D and 3D Attributes for Multi-Vehicles Tracking,15th International Conference on In,15th International Conference on Information and Systems for Safety of Society (SafeSoc),True,2024.0,"MUHAMMAD ADEEL ALTAF, Min Young Kim",,Cannot Verify,15.0,False,,First Author,Low / Unranked,MISSING_DOI
26_AAMINA_AKBAR,Joint Backhaul Pairing and Resource Allocation of Moving Small Cells Using NOMA,International Conference,International Conference,False,2023.0,"Myra Khalid, Aamina Akbar, Hassaan Khaliq, Qureshi, Sobia Jangsher",,,,False,,Co-Author,Low / Unranked,MISSING_VENUE | MISSING_DOI
28_IDRIS_KHAN,Effect of Solar Concentrators on the Efficiency of Solar Panels,International Conference on Co 2018,International Conference on Co 2018,False,2018.0,"Manoj Kumar Panjwani, Li Meicheng, Danish Khan, Idris Khan, Mohan Menghwar",,Cannot Verify,,False,,Co-Author,Low / Unranked,MISSING_DOI
28_IDRIS_KHAN,A study of product distribution under fast pyrolysis of wheat stalk while producing Bio-oil,International Conference on Computi 2018,International Conference on Computi 2018,False,2018.0,"Tahir Iqbal, Qiang Lu, Chang-qing Dong, Min-xing Zhou, Zulqarnain Arain, Zulfiqar Ali, Idris Khan, Zafar Hussain, Adnan Abbas",,Cannot Verify,,False,,Co-Author,Low / Unranked,MISSING_DOI
28_IDRIS_KHAN,Photovoltaic Power Forecasting based on Elman Neural Network Software Engineering Method,8th IEEE International Conference,8th IEEE International Conference,False,2017.0,"Idris Khan, Honglu Zhu, Jianxi Yao, Danish Khan",,A,8.0,False,IEEE Xplore,First Author,High (A),MISSING_DOI
28_IDRIS_KHAN,Photovoltaic Power prediction by Cascade forward artificial neural network,7th international conference on,7th International Conference on Artificial Intelligence and Applications,True,2017.0,"Idris Khan, Honglu Zhu, Danish Khan, Manoj Kumar Panjwani",,Cannot Verify,7.0,False,,First Author,Low / Unranked,MISSING_DOI
28_IDRIS_KHAN,Preparation and breakdown properties of mineral oil based alumina nanofluids,International conference on Em,International Conference on Emerging Nanotechnology,True,2015.0,"Muhammad Rafiq, Chengrong Li, Idris Khan, Hu Zhifeng, Yuzhen Lv, Kai Yi",,Cannot Verify,,False,,Co-Author,Low / Unranked,MISSING_DOI
29_MUHAMMAD_SARMAD_TARIQ,Optimal power flow and contingency analysis incorporating distributed facts and dynamic thermal line rating,North American Power Symposium,North American Power Symposium,False,2021.0,Muhammad Sarmad Tariq,,Cannot Verify,,False,,First Author,Low / Unranked,MISSING_DOI
29_MUHAMMAD_SARMAD_TARIQ,A Unified Power Flow Controller (UPFC) Based Optimal Power Flow Methodology for Balancing Electric Grid Line-Loading,IEEE Industry Applications Society,IEEE Industry Applications Society,False,2024.0,Muhammad Sarmad Tariq,,Cannot Verify,,False,IEEE Xplore,First Author,Low / Unranked (Indexed),MISSING_DOI
29_MUHAMMAD_SARMAD_TARIQ,Optimal Location Methodology for Multiple UPFCs to Reduce Transmission Congestion,SoutheastCon,SoutheastCon,False,2025.0,Muhammad Sarmad Tariq,,B,,False,,First Author,Moderate (B),MISSING_DOI
29_MUHAMMAD_SARMAD_TARIQ,Optimal Power Flow Methodology with UPFC and Synchronous generator for Optimal Power Flow Management,SoutheastCon,SoutheastCon,False,2025.0,Muhammad Sarmad Tariq,,B,,False,,First Author,Moderate (B),MISSING_DOI
30_FAHD_SIKANDAR_KHAN,Electrochemical reduction of CO2 by Arc Plasma Deposition of copper and gold composite nano particles,Nanoscience Meet,Nanoscience Meet,False,2018.0,"Khan, F.S, Sugiyama, M, Fujii, K, Nakano, Y",,Cannot Verify,,False,,Unknown,Low / Unranked,MISSING_DOI | AUTHORSHIP_UNDETECTABLE
30_FAHD_SIKANDAR_KHAN,Solar Energy Conversion via reduction of CO2 using Concentrator Photovoltaics,22nd International conference on ph,22nd International Conference on Photovoltaic Science and Engineering,True,2018.0,"Khan, F.S, Yamashita, D, Sugiyama, M, Fujii, K, Nakano, Y, Bocarsly, Y",,Cannot Verify,22.0,False,,Unknown,Low / Unranked,MISSING_DOI | AUTHORSHIP_UNDETECTABLE
33_QAMAR_ABBAS,NOMA enhanced backscatter communication for green IoT networks,16th International Symposium on,16th International Symposium on Wireless Systems and Networks,True,2019.0,"Shah Zeb, Qamar Abbas, Syed Ali Hassan, Aamir Mahmood, Rafia Mumtaz, Syed Ali Raza Zaidi, Mikael Gidlund",,Cannot Verify,16.0,False,,Co-Author,Low / Unranked,MISSING_DOI
33_QAMAR_ABBAS,Joint Optimization of Age of Information and Energy Efficiency in IoT Networks,91st Vehicular Technology Conference,91st Vehicular Technology Conference,False,2020.0,"Qamar Abbas, Shah Zeb, Syed Ali Hassan, Rafia Mumtaz, Syed Ali Raza Zaidi",,A,91.0,False,,First Author,High (A),MISSING_DOI
34_SHAHZAD,Flexible IoT Datapath Programming using P4,International Conference on Green and Sustainable Computing,International Conference on Green and Sustainable Computing,False,2019.0,"Shahzad, Eun Sung Jung",,Cannot Verify,,False,,First Author,Low / Unranked,MISSING_DOI
34_SHAHZAD,Enhanced Explicit Congestion Notification (EECN) in TCP with P4 Programming,International Conference on Green and Sustainable Computing,International Conference on Green and Sustainable Computing,False,2020.0,"Shahzad, Eun-Sung Jung, J. Chung and R. Kettimuthu",10.1109/ICGHIT49656.2020.00015,Cannot Verify,,False,,First Author,Low / Unranked,OK
34_SHAHZAD,FLIP: Flexible IoT Path programming for Large-scale IoT,"20th IEEE/ACM International Symposium on Cluster, Cloud and Grid Computing","20th IEEE/ACM International Symposium on Cluster, Cloud and Grid Computing",False,2020.0,"Shahzad, Eun Sung Jung",10.1109/CCGrid49817.2020.00014,A,20.0,False,"IEEE Xplore, ACM Digital Library",First Author,High (A),OK
35_MATIULLAH_AHSAN,"Solar PV adoption for homes (A case of Peshawar, Pakistan)",,nan,False,2017.0,"IU Khalil, Abraiz Khattak, Mati Ullah Ahsan",,Cannot Verify,,False,,Corresponding Author (heuristic),Low / Unranked,MISSING_VENUE | MISSING_DOI
37_SANIA_GUL,On evaluation of dereverberation algorithms,2022 International Conference,2022 International Conference,False,2022.0,"Sania Gul, Muhammad Sheryar, Muhammad Salman Khan, Ata Ur-Rehman, Syed Waqar Shah",,Cannot Verify,,False,,First Author,Low / Unranked,MISSING_DOI
37_SANIA_GUL,Enhancing the Separation of Sources,2019 15th International Conference,2019 15th International Conference,False,2019.0,"Sania Gul, Muhammad Salman Khan; Syed Waqar Shah; Arif Rafi",,Cannot Verify,15.0,False,,Unknown,Low / Unranked,MISSING_DOI | AUTHORSHIP_UNDETECTABLE
38_MUHAMMAD_MUSADIQ,An Optimal PMU Placement Against N-1 Contingency of PMU Using Integer Linear Programming Approach,International Conference on Applied,International Conference on Applied,False,2019.0,"Muhammad Musadiq Ahmed, Kashif Imran",,Cannot Verify,,False,,First Author,Low / Unranked,MISSING_DOI
38_MUHAMMAD_MUSADIQ,Effect Of PV System Design And Financial Variables On Systems Perfomance And Financial Feasibility,International Conference on Energy,International Conference on Energy,False,2023.0,"Muhammad Musadiq Ahmed, Abdul Kashif Janjua, Shahzad Younis, Muhammad Zaid, Masood Khan",,Cannot Verify,,False,,First Author,Low / Unranked,MISSING_DOI
38_MUHAMMAD_MUSADIQ,Optimising PMU Placement using Integer Linear Programming for Complete Network Observability with Zero Injection Bus and N-1 Contingency,International Conference on Energy,International Conference on Energy,False,2023.0,"Muhammad Musadiq Ahmed, Muhammad Amjad, Muhammad Ali Qureshi",,Cannot Verify,,False,,First Author,Low / Unranked,MISSING_DOI
40_ABDUR_REHMAN,Design and Analysis of a Vernier Motor Considering Series Compensation,IEEE Energy Conversion Congress and Exposition,IEEE Energy Conversion Congress and Exposition,False,2020.0,"Abdur Rehman, Byungtaek Kim, Young Hoon Joo",,A,,False,IEEE Xplore,First Author,High (A),MISSING_DOI
40_ABDUR_REHMAN,Spoke-type PM Vernier as a Promising Candidate for MW-Scale Direct Drive Wind Turbine Applications,International Conference on Power Electronics,International Conference on Power Electronics,False,2023.0,"Abdur Rehman, Byungtaek Kim",,A,,False,,First Author,High (A),MISSING_DOI
40_ABDUR_REHMAN,Design of a Low-Cost PM Vernier Machine with Improved Electromagnetic Performance,IEEE 21st Biennial Conference on Industrial Electronics,IEEE 21st Biennial Conference on Industrial Electronics,False,2024.0,"Abdur Rehman, Gilsu Choi",,A,21.0,False,IEEE Xplore,First Author,High (A),MISSING_DOI
41_MUHAMMAD_AQEEL,Comparative Analysis of Urdu Parts Of Speech Taggers using Machine Learning Techniques,International Multitopic Conference,International Multitopic Conference,False,2020.0,"Muhammad Aqeel, Fawwad Hassan Jaskani, Hafsa Shaikh, Faheem Khuhawar, Muhammad Talha Amin, Muhammad Adeel Azam",,Unranked,,False,,First Author,Low / Unranked,MISSING_DOI
41_MUHAMMAD_AQEEL,Facial Emotion Recognition using Deep Learning (FERDL),International Multitopic Conference,International Multitopic Conference,False,2023.0,"Muhammad Aqeel, Hafiz Arslan Ramzan, Ahmed Sohaib, Sadia Ramzan, Tehmina Kalsum",,Unranked,,False,,First Author,Low / Unranked,MISSING_DOI
41_MUHAMMAD_AQEEL,Detection of Anomaly in Videos Using Convolutional Autoencoder and Generative Adversarial Network model,International Multitopic Conference,International Multitopic Conference,False,2005.0,"Muhammad Aqeel, Muhammad Adeel Azam, Muhammad Hamza Ghouri, Fawwad Hassan Jaskani",,Unranked,,False,,First Author,Low / Unranked,MISSING_DOI
41_MUHAMMAD_AQEEL,Lungs nodule cancer detection using statistical techniques,international multitopic conference,international multitopic conference,False,2020.0,"Muhammad Aqeel, Waseem Abbas, Muhammad Adeel Azam, Muhammad Hamza Ghouri, Fawwad Hassan Jaskani",,Unranked,,False,,First Author,Low / Unranked,MISSING_DOI
